row,col,latitude,longitude,month,soil_moisture_mean,observations,expected_observations,coverage_fraction
465,2865,25.256832122802734,87.52593994140625,2016-07,0.3407992980172557,248,248,1.0
465,2866,25.256832122802734,87.61930084228516,2016-07,0.2783202170244148,248,248,1.0
466,2863,25.178972244262695,87.3392105102539,2016-07,0.34075475213748796,248,248,1.0
466,2864,25.178972244262695,87.43257904052734,2016-07,0.3457736631915454,248,248,1.0
466,2865,25.178972244262695,87.52593994140625,2016-07,0.3453070395776341,248,248,1.0
466,2866,25.178972244262695,87.61930084228516,2016-07,0.3368477638089849,248,248,1.0
466,2867,25.178972244262695,87.71266174316406,2016-07,0.33639861402973054,248,248,1.0
467,2862,25.101160049438477,87.245849609375,2016-07,0.32508496020830446,248,248,1.0
467,2863,25.101160049438477,87.3392105102539,2016-07,0.34321313994305747,248,248,1.0
467,2864,25.101160049438477,87.43257904052734,2016-07,0.3435968246551291,248,248,1.0
467,2865,25.101160049438477,87.52593994140625,2016-07,0.3456882631946956,248,248,1.0
467,2866,25.101160049438477,87.61930084228516,2016-07,0.34369649906312266,248,248,1.0
467,2867,25.101160049438477,87.71266174316406,2016-07,0.3399470208152648,248,248,1.0
468,2861,25.02339744567871,87.1524887084961,2016-07,0.25829773270074396,248,248,1.0
468,2862,25.02339744567871,87.245849609375,2016-07,0.25909328166275253,248,248,1.0
468,2863,25.02339744567871,87.3392105102539,2016-07,0.25948717991911596,248,248,1.0
468,2864,25.02339744567871,87.43257904052734,2016-07,0.3419744708244839,248,248,1.0
468,2865,25.02339744567871,87.52593994140625,2016-07,0.3448674880088337,248,248,1.0
468,2866,25.02339744567871,87.61930084228516,2016-07,0.301536587998271,248,248,1.0
468,2867,25.02339744567871,87.71266174316406,2016-07,0.34160899827557223,248,248,1.0
468,2868,25.02339744567871,87.80602264404297,2016-07,0.34114434353766904,248,248,1.0
469,2861,24.94568252563477,87.1524887084961,2016-07,0.2584798536113193,248,248,1.0
469,2862,24.94568252563477,87.245849609375,2016-07,0.257845998591473,248,248,1.0
469,2863,24.94568252563477,87.3392105102539,2016-07,0.2605934421261472,248,248,1.0
469,2864,24.94568252563477,87.43257904052734,2016-07,0.2986475085659373,248,248,1.0
469,2865,24.94568252563477,87.52593994140625,2016-07,0.302436487388707,248,248,1.0
469,2866,24.94568252563477,87.61930084228516,2016-07,0.2999751462691253,248,248,1.0
469,2867,24.94568252563477,87.71266174316406,2016-07,0.29367203571863715,248,248,1.0
469,2868,24.94568252563477,87.80602264404297,2016-07,0.33870712114918616,248,248,1.0
469,2869,24.94568252563477,87.89938354492188,2016-07,0.2755253974107965,248,248,1.0
470,2861,24.86801528930664,87.1524887084961,2016-07,0.25150474109837123,248,248,1.0
470,2862,24.86801528930664,87.245849609375,2016-07,0.255545859074881,248,248,1.0
470,2863,24.86801528930664,87.3392105102539,2016-07,0.2591685909297197,248,248,1.0
470,2864,24.86801528930664,87.43257904052734,2016-07,0.2967589871897813,248,248,1.0
470,2865,24.86801528930664,87.52593994140625,2016-07,0.3027147141795966,248,248,1.0
470,2866,24.86801528930664,87.61930084228516,2016-07,0.34731652365336496,248,248,1.0
470,2867,24.86801528930664,87.71266174316406,2016-07,0.3417731532526593,248,248,1.0
470,2868,24.86801528930664,87.80602264404297,2016-07,0.34066000003968516,248,248,1.0
470,2869,24.86801528930664,87.89938354492188,2016-07,0.27329650677500233,248,248,1.0
471,2846,24.79039764404297,85.7520751953125,2016-07,0.2177741418202077,248,248,1.0
471,2847,24.79039764404297,85.8454360961914,2016-07,0.22173465884500934,248,248,1.0
471,2861,24.79039764404297,87.1524887084961,2016-07,0.24949378042571968,248,248,1.0
471,2862,24.79039764404297,87.245849609375,2016-07,0.255463658531587,248,248,1.0
471,2863,24.79039764404297,87.3392105102539,2016-07,0.29865156928257597,248,248,1.0
471,2864,24.79039764404297,87.43257904052734,2016-07,0.3356330903667596,248,248,1.0
471,2865,24.79039764404297,87.52593994140625,2016-07,0.343230121498627,248,248,1.0
471,2866,24.79039764404297,87.61930084228516,2016-07,0.30027269259575873,248,248,1.0
471,2867,24.79039764404297,87.71266174316406,2016-07,0.3008136412789745,248,248,1.0
471,2868,24.79039764404297,87.80602264404297,2016-07,0.3414148178792769,248,248,1.0
472,2846,24.712825775146484,85.7520751953125,2016-07,0.23320840714469313,248,248,1.0
472,2847,24.712825775146484,85.8454360961914,2016-07,0.2392710071177252,248,248,1.0
472,2848,24.712825775146484,85.93879699707031,2016-07,0.23646068271069276,248,248,1.0
472,2849,24.712825775146484,86.03215789794922,2016-07,0.2399976455997075,248,248,1.0
472,2861,24.712825775146484,87.1524887084961,2016-07,0.2472074232214401,248,248,1.0
472,2862,24.712825775146484,87.245849609375,2016-07,0.25233302256392853,248,248,1.0
472,2863,24.712825775146484,87.3392105102539,2016-07,0.32756291371920415,248,248,1.0
472,2864,24.712825775146484,87.43257904052734,2016-07,0.3331251114967369,248,248,1.0
472,2865,24.712825775146484,87.52593994140625,2016-07,0.29626922940294587,248,248,1.0
472,2866,24.712825775146484,87.61930084228516,2016-07,0.3028002371110262,248,248,1.0
472,2867,24.712825775146484,87.71266174316406,2016-07,0.34491227993801715,248,248,1.0
472,2868,24.712825775146484,87.80602264404297,2016-07,0.3423908881001895,248,248,1.0
472,2869,24.712825775146484,87.89938354492188,2016-07,0.334927863591621,248,248,1.0
473,2846,24.63530158996582,85.7520751953125,2016-07,0.23264644693793549,248,248,1.0
473,2847,24.63530158996582,85.8454360961914,2016-07,0.24479810391072063,248,248,1.0
473,2848,24.63530158996582,85.93879699707031,2016-07,0.23909060895112494,248,248,1.0
473,2849,24.63530158996582,86.03215789794922,2016-07,0.2477018575995199,248,248,1.0
473,2860,24.63530158996582,87.05912780761719,2016-07,0.31476940349825927,248,248,1.0
473,2861,24.63530158996582,87.1524887084961,2016-07,0.24642651771465618,248,248,1.0
473,2862,24.63530158996582,87.245849609375,2016-07,0.3350160938477324,248,248,1.0
473,2863,24.63530158996582,87.3392105102539,2016-07,0.33921976717970065,248,248,1.0
473,2864,24.63530158996582,87.43257904052734,2016-07,0.2935070192681686,248,248,1.0
473,2865,24.63530158996582,87.52593994140625,2016-07,0.29733968255740983,248,248,1.0
473,2866,24.63530158996582,87.61930084228516,2016-07,0.3031860136937711,248,248,1.0
473,2867,24.63530158996582,87.71266174316406,2016-07,0.26528785786321085,248,248,1.0
473,2868,24.63530158996582,87.80602264404297,2016-07,0.3364320848617823,248,248,1.0
473,2869,24.63530158996582,87.89938354492188,2016-07,0.3192799755281979,248,248,1.0
474,2827,24.557823181152344,83.97821807861328,2016-07,0.3125317760352646,248,248,1.0
474,2828,24.557823181152344,84.07157897949219,2016-07,0.3045829314317915,248,248,1.0
474,2844,24.557823181152344,85.56535339355469,2016-07,0.22905906226726308,248,248,1.0
474,2845,24.557823181152344,85.6587142944336,2016-07,0.22833168568209775,248,248,1.0
474,2846,24.557823181152344,85.7520751953125,2016-07,0.2297212816324205,248,248,1.0
474,2847,24.557823181152344,85.8454360961914,2016-07,0.23545194172390527,248,248,1.0
474,2848,24.557823181152344,85.93879699707031,2016-07,0.24020111677236855,248,248,1.0
474,2849,24.557823181152344,86.03215789794922,2016-07,0.24470504382324795,248,248,1.0
474,2850,24.557823181152344,86.12551879882812,2016-07,0.25343836243114165,248,248,1.0
474,2851,24.557823181152344,86.21887969970703,2016-07,0.2581336393561815,248,248,1.0
474,2855,24.557823181152344,86.59232330322266,2016-07,0.30869406747121003,248,248,1.0
474,2856,24.557823181152344,86.68568420410156,2016-07,0.32502380193721864,248,248,1.0
474,2857,24.557823181152344,86.77904510498047,2016-07,0.32710945690351145,248,248,1.0
474,2858,24.557823181152344,86.87240600585938,2016-07,0.3141685271515481,248,248,1.0
474,2859,24.557823181152344,86.96576690673828,2016-07,0.31561072882745533,248,248,1.0
474,2860,24.557823181152344,87.05912780761719,2016-07,0.3212765386748698,248,248,1.0
474,2861,24.557823181152344,87.1524887084961,2016-07,0.3228043864571279,248,248,1.0
474,2862,24.557823181152344,87.245849609375,2016-07,0.33776058394822384,248,248,1.0
474,2863,24.557823181152344,87.3392105102539,2016-07,0.34097502014089015,248,248,1.0
474,2864,24.557823181152344,87.43257904052734,2016-07,0.29330779344684654,248,248,1.0
474,2865,24.557823181152344,87.52593994140625,2016-07,0.30169175997857123,248,248,1.0
474,2866,24.557823181152344,87.61930084228516,2016-07,0.2722549716070775,248,248,1.0
474,2867,24.557823181152344,87.71266174316406,2016-07,0.2669963498389529,248,248,1.0
475,2821,24.480392456054688,83.41805267333984,2016-07,0.2652917956753123,248,248,1.0
475,2822,24.480392456054688,83.51141357421875,2016-07,0.26679700144356294,248,248,1.0
475,2823,24.480392456054688,83.60477447509766,2016-07,0.2671601359822577,248,248,1.0
475,2824,24.480392456054688,83.69813537597656,2016-07,0.2747793170293012,248,248,1.0
475,2825,24.480392456054688,83.79149627685547,2016-07,0.24228941736322257,248,248,1.0
475,2826,24.480392456054688,83.88485717773438,2016-07,0.3153502220107663,248,248,1.0
475,2827,24.480392456054688,83.97821807861328,2016-07,0.25237338488260586,248,248,1.0
475,2828,24.480392456054688,84.07157897949219,2016-07,0.24660826970132127,248,248,1.0
475,2829,24.480392456054688,84.1649398803711,2016-07,0.2551310418864652,248,248,1.0
475,2830,24.480392456054688,84.25830078125,2016-07,0.26175938603738624,248,248,1.0
475,2836,24.480392456054688,84.81846618652344,2016-07,0.2080557080766847,248,248,1.0
475,2841,24.480392456054688,85.28527069091797,2016-07,0.22202082298275444,248,248,1.0
475,2842,24.480392456054688,85.37863159179688,2016-07,0.22753066087381973,248,248,1.0
475,2843,24.480392456054688,85.47199249267578,2016-07,0.23275415073599545,248,248,1.0
475,2844,24.480392456054688,85.56535339355469,2016-07,0.2327632566673621,248,248,1.0
475,2845,24.480392456054688,85.6587142944336,2016-07,0.23817975759025542,248,248,1.0
475,2846,24.480392456054688,85.7520751953125,2016-07,0.23899351855018927,248,248,1.0
475,2847,24.480392456054688,85.8454360961914,2016-07,0.2370284883110153,248,248,1.0
475,2848,24.480392456054688,85.93879699707031,2016-07,0.2487372403003035,248,248,1.0
475,2849,24.480392456054688,86.03215789794922,2016-07,0.2532327379430494,248,248,1.0
475,2850,24.480392456054688,86.12551879882812,2016-07,0.29565001792845225,248,248,1.0
475,2851,24.480392456054688,86.21887969970703,2016-07,0.2989753265714934,248,248,1.0
475,2854,24.480392456054688,86.49896240234375,2016-07,0.3053912780277671,248,248,1.0
475,2855,24.480392456054688,86.59232330322266,2016-07,0.3063406453678204,248,248,1.0
475,2856,24.480392456054688,86.68568420410156,2016-07,0.31389965252169677,248,248,1.0
475,2857,24.480392456054688,86.77904510498047,2016-07,0.31811919991648,248,248,1.0
475,2858,24.480392456054688,86.87240600585938,2016-07,0.3174826376921227,248,248,1.0
475,2859,24.480392456054688,86.96576690673828,2016-07,0.32041503236659113,248,248,1.0
475,2860,24.480392456054688,87.05912780761719,2016-07,0.3281571450493028,248,248,1.0
475,2861,24.480392456054688,87.1524887084961,2016-07,0.32106316173749583,248,248,1.0
475,2862,24.480392456054688,87.245849609375,2016-07,0.326042941380893,248,248,1.0
475,2863,24.480392456054688,87.3392105102539,2016-07,0.33069035020326415,248,248,1.0
475,2864,24.480392456054688,87.43257904052734,2016-07,0.29343134029618195,248,248,1.0
475,2865,24.480392456054688,87.52593994140625,2016-07,0.2997237450833763,248,248,1.0
475,2866,24.480392456054688,87.61930084228516,2016-07,0.27340147265743825,248,248,1.0
475,2867,24.480392456054688,87.71266174316406,2016-07,0.2677693798417045,248,248,1.0
475,2868,24.480392456054688,87.80602264404297,2016-07,0.31864895082769856,248,248,1.0
476,2822,24.40300941467285,83.51141357421875,2016-07,0.25917708215814445,248,248,1.0
476,2823,24.40300941467285,83.60477447509766,2016-07,0.257455300089092,248,248,1.0
476,2824,24.40300941467285,83.69813537597656,2016-07,0.25386320898729947,248,248,1.0
476,2825,24.40300941467285,83.79149627685547,2016-07,0.3003263444669785,248,248,1.0
476,2826,24.40300941467285,83.88485717773438,2016-07,0.3173615519077547,248,248,1.0
476,2827,24.40300941467285,83.97821807861328,2016-07,0.27329515368347207,248,248,1.0
476,2828,24.40300941467285,84.07157897949219,2016-07,0.2784536088846864,248,248,1.0
476,2829,24.40300941467285,84.1649398803711,2016-07,0.26019523723892146,248,248,1.0
476,2830,24.40300941467285,84.25830078125,2016-07,0.23613754116118915,248,248,1.0
476,2835,24.40300941467285,84.72510528564453,2016-07,0.21751234268829708,248,248,1.0
476,2836,24.40300941467285,84.81846618652344,2016-07,0.20936334929278783,248,248,1.0
476,2838,24.40300941467285,85.00518798828125,2016-07,0.22203417452082277,248,248,1.0
476,2840,24.40300941467285,85.19190979003906,2016-07,0.22264523355049953,248,248,1.0
476,2841,24.40300941467285,85.28527069091797,2016-07,0.22514333736692224,248,248,1.0
476,2842,24.40300941467285,85.37863159179688,2016-07,0.23520761642665153,248,248,1.0
476,2843,24.40300941467285,85.47199249267578,2016-07,0.241889612298579,248,248,1.0
476,2844,24.40300941467285,85.56535339355469,2016-07,0.2450165564434663,248,248,1.0
476,2845,24.40300941467285,85.6587142944336,2016-07,0.24617917772622838,248,248,1.0
476,2846,24.40300941467285,85.7520751953125,2016-07,0.28416679481104495,248,248,1.0
476,2847,24.40300941467285,85.8454360961914,2016-07,0.2827085959274442,248,248,1.0
476,2848,24.40300941467285,85.93879699707031,2016-07,0.28514594155093353,248,248,1.0
476,2849,24.40300941467285,86.03215789794922,2016-07,0.2880111483015841,248,248,1.0
476,2850,24.40300941467285,86.12551879882812,2016-07,0.29321402614755976,248,248,1.0
476,2851,24.40300941467285,86.21887969970703,2016-07,0.2960072458691655,248,248,1.0
476,2852,24.40300941467285,86.31224060058594,2016-07,0.29664922247250236,248,248,1.0
476,2854,24.40300941467285,86.49896240234375,2016-07,0.3047499166080548,248,248,1.0
476,2855,24.40300941467285,86.59232330322266,2016-07,0.3076072479147584,248,248,1.0
476,2856,24.40300941467285,86.68568420410156,2016-07,0.31859419125342564,248,248,1.0
476,2857,24.40300941467285,86.77904510498047,2016-07,0.32154492111576183,248,248,1.0
476,2858,24.40300941467285,86.87240600585938,2016-07,0.32068624506674465,248,248,1.0
476,2859,24.40300941467285,86.96576690673828,2016-07,0.32290024610777057,248,248,1.0
476,2860,24.40300941467285,87.05912780761719,2016-07,0.33115217462182045,248,248,1.0
476,2861,24.40300941467285,87.1524887084961,2016-07,0.3260472482971607,248,248,1.0
476,2862,24.40300941467285,87.245849609375,2016-07,0.33917497525051715,248,248,1.0
476,2863,24.40300941467285,87.3392105102539,2016-07,0.3317397611155625,248,248,1.0
476,2864,24.40300941467285,87.43257904052734,2016-07,0.3328593132356482,248,248,1.0
476,2865,24.40300941467285,87.52593994140625,2016-07,0.2987098969038456,248,248,1.0
476,2866,24.40300941467285,87.61930084228516,2016-07,0.2700584442504952,248,248,1.0
476,2867,24.40300941467285,87.71266174316406,2016-07,0.26641024024255816,248,248,1.0
477,2821,24.325672149658203,83.41805267333984,2016-07,0.25926334347816243,248,248,1.0
477,2822,24.325672149658203,83.51141357421875,2016-07,0.25866917367543907,248,248,1.0
477,2823,24.325672149658203,83.60477447509766,2016-07,0.25657176696545175,248,248,1.0
477,2824,24.325672149658203,83.69813537597656,2016-07,0.2540046603028332,248,248,1.0
477,2825,24.325672149658203,83.79149627685547,2016-07,0.2982045114040375,248,248,1.0
477,2826,24.325672149658203,83.88485717773438,2016-07,0.3170232743385338,248,248,1.0
477,2827,24.325672149658203,83.97821807861328,2016-07,0.3227013895708707,248,248,1.0
477,2828,24.325672149658203,84.07157897949219,2016-07,0.2397355387407926,248,248,1.0
477,2829,24.325672149658203,84.1649398803711,2016-07,0.22972878797220125,248,248,1.0
477,2830,24.325672149658203,84.25830078125,2016-07,0.2695985890684589,248,248,1.0
477,2831,24.325672149658203,84.3516616821289,2016-07,0.26303915529241484,248,248,1.0
477,2832,24.325672149658203,84.44502258300781,2016-07,0.25599980854519433,248,248,1.0
477,2833,24.325672149658203,84.53838348388672,2016-07,0.25739389582867583,248,248,1.0
477,2834,24.325672149658203,84.63174438476562,2016-07,0.22259856499130687,248,248,1.0
477,2835,24.325672149658203,84.72510528564453,2016-07,0.21245159286885493,248,248,1.0
477,2836,24.325672149658203,84.81846618652344,2016-07,0.20907749321251626,248,248,1.0
477,2837,24.325672149658203,84.91182708740234,2016-07,0.19484793415833865,248,248,1.0
477,2838,24.325672149658203,85.00518798828125,2016-07,0.22587486729776907,248,248,1.0
477,2839,24.325672149658203,85.09854888916016,2016-07,0.2246815745132945,248,248,1.0
477,2840,24.325672149658203,85.19190979003906,2016-07,0.1944087824724134,248,248,1.0
477,2841,24.325672149658203,85.28527069091797,2016-07,0.19544773379100427,248,248,1.0
477,2842,24.325672149658203,85.37863159179688,2016-07,0.1997448364422927,248,248,1.0
477,2843,24.325672149658203,85.47199249267578,2016-07,0.27541206428600895,248,248,1.0
477,2844,24.325672149658203,85.56535339355469,2016-07,0.2770980374226647,248,248,1.0
477,2845,24.325672149658203,85.6587142944336,2016-07,0.28014844163290914,248,248,1.0
477,2846,24.325672149658203,85.7520751953125,2016-07,0.2823585051923029,248,248,1.0
477,2847,24.325672149658203,85.8454360961914,2016-07,0.28161623896730525,248,248,1.0
477,2848,24.325672149658203,85.93879699707031,2016-07,0.28392326948984015,248,248,1.0
477,2849,24.325672149658203,86.03215789794922,2016-07,0.28714558106636806,248,248,1.0
477,2850,24.325672149658203,86.12551879882812,2016-07,0.2897817830465013,248,248,1.0
477,2851,24.325672149658203,86.21887969970703,2016-07,0.29292620099600286,248,248,1.0
477,2852,24.325672149658203,86.31224060058594,2016-07,0.2938152715683945,248,248,1.0
477,2853,24.325672149658203,86.40560150146484,2016-07,0.2966759252632337,248,248,1.0
477,2854,24.325672149658203,86.49896240234375,2016-07,0.30290914053517964,248,248,1.0
477,2855,24.325672149658203,86.59232330322266,2016-07,0.3079514319918329,248,248,1.0
477,2856,24.325672149658203,86.68568420410156,2016-07,0.3203334470970496,248,248,1.0
477,2857,24.325672149658203,86.77904510498047,2016-07,0.32255630811015445,248,248,1.0
477,2858,24.325672149658203,86.87240600585938,2016-07,0.32119802977409095,248,248,1.0
477,2859,24.325672149658203,86.96576690673828,2016-07,0.3231868406517371,248,248,1.0
477,2860,24.325672149658203,87.05912780761719,2016-07,0.33280320020933307,248,248,1.0
477,2861,24.325672149658203,87.1524887084961,2016-07,0.3367522733225938,248,248,1.0
477,2862,24.325672149658203,87.245849609375,2016-07,0.33761291824761896,248,248,1.0
477,2863,24.325672149658203,87.3392105102539,2016-07,0.32806583848451415,248,248,1.0
477,2864,24.325672149658203,87.43257904052734,2016-07,0.33493278578164115,248,248,1.0
477,2865,24.325672149658203,87.52593994140625,2016-07,0.33004037501110184,248,248,1.0
477,2866,24.325672149658203,87.61930084228516,2016-07,0.2658843041788186,248,248,1.0
477,2867,24.325672149658203,87.71266174316406,2016-07,0.2542995606218615,248,248,1.0
478,2821,24.248380661010746,83.41805267333984,2016-07,0.2671969292925731,248,248,1.0
478,2822,24.248380661010746,83.51141357421875,2016-07,0.2652424508104882,248,248,1.0
478,2823,24.248380661010746,83.60477447509766,2016-07,0.2625249712878177,248,248,1.0
478,2824,24.248380661010746,83.69813537597656,2016-07,0.2634560035301312,248,248,1.0
478,2825,24.248380661010746,83.79149627685547,2016-07,0.2951853630403357,248,248,1.0
478,2826,24.248380661010746,83.88485717773438,2016-07,0.3022544894127115,248,248,1.0
478,2827,24.248380661010746,83.97821807861328,2016-07,0.23444547667919147,248,248,1.0
478,2828,24.248380661010746,84.07157897949219,2016-07,0.2396780723525632,248,248,1.0
478,2829,24.248380661010746,84.1649398803711,2016-07,0.2647889941299875,248,248,1.0
478,2830,24.248380661010746,84.25830078125,2016-07,0.26762780560661226,248,248,1.0
478,2831,24.248380661010746,84.3516616821289,2016-07,0.2625729625503863,248,248,1.0
478,2832,24.248380661010746,84.44502258300781,2016-07,0.2586064773100999,248,248,1.0
478,2833,24.248380661010746,84.53838348388672,2016-07,0.22474304021846864,248,248,1.0
478,2834,24.248380661010746,84.63174438476562,2016-07,0.22021751694621577,248,248,1.0
478,2835,24.248380661010746,84.72510528564453,2016-07,0.21562548250620883,248,248,1.0
478,2836,24.248380661010746,84.81846618652344,2016-07,0.21057420821800346,248,248,1.0
478,2837,24.248380661010746,84.91182708740234,2016-07,0.20460869843560842,248,248,1.0
478,2838,24.248380661010746,85.00518798828125,2016-07,0.19897992815822363,248,248,1.0
478,2839,24.248380661010746,85.09854888916016,2016-07,0.1969417107531861,248,248,1.0
478,2840,24.248380661010746,85.19190979003906,2016-07,0.1952404787673825,248,248,1.0
478,2841,24.248380661010746,85.28527069091797,2016-07,0.19508844456304947,248,248,1.0
478,2842,24.248380661010746,85.37863159179688,2016-07,0.1969906865438867,248,248,1.0
478,2843,24.248380661010746,85.47199249267578,2016-07,0.19969709125918247,248,248,1.0
478,2844,24.248380661010746,85.56535339355469,2016-07,0.2746221758425236,248,248,1.0
478,2845,24.248380661010746,85.6587142944336,2016-07,0.27811631542300025,248,248,1.0
478,2846,24.248380661010746,85.7520751953125,2016-07,0.280763469396099,248,248,1.0
478,2847,24.248380661010746,85.8454360961914,2016-07,0.28503654572752213,248,248,1.0
478,2848,24.248380661010746,85.93879699707031,2016-07,0.2479244633577764,248,248,1.0
478,2849,24.248380661010746,86.03215789794922,2016-07,0.25312801800487983,248,248,1.0
478,2850,24.248380661010746,86.12551879882812,2016-07,0.25485502994589265,248,248,1.0
478,2851,24.248380661010746,86.21887969970703,2016-07,0.2541203317082217,248,248,1.0
478,2852,24.248380661010746,86.31224060058594,2016-07,0.301176652732876,248,248,1.0
478,2853,24.248380661010746,86.40560150146484,2016-07,0.310850971108002,248,248,1.0
478,2854,24.248380661010746,86.49896240234375,2016-07,0.31878332637490764,248,248,1.0
478,2855,24.248380661010746,86.59232330322266,2016-07,0.3214912692144994,248,248,1.0
478,2856,24.248380661010746,86.68568420410156,2016-07,0.33022175765325945,248,248,1.0
478,2857,24.248380661010746,86.77904510498047,2016-07,0.33112079566044195,248,248,1.0
478,2858,24.248380661010746,86.87240600585938,2016-07,0.3270101517198547,248,248,1.0
478,2859,24.248380661010746,86.96576690673828,2016-07,0.32818557069666926,248,248,1.0
478,2860,24.248380661010746,87.05912780761719,2016-07,0.3310070930709762,248,248,1.0
478,2861,24.248380661010746,87.1524887084961,2016-07,0.3374120928947964,248,248,1.0
478,2862,24.248380661010746,87.245849609375,2016-07,0.3374482709914446,248,248,1.0
478,2863,24.248380661010746,87.3392105102539,2016-07,0.3368265983918982,248,248,1.0
478,2864,24.248380661010746,87.43257904052734,2016-07,0.3299013231430323,248,248,1.0
478,2865,24.248380661010746,87.52593994140625,2016-07,0.3249670737573216,248,248,1.0
478,2866,24.248380661010746,87.61930084228516,2016-07,0.2541007042051323,248,248,1.0
479,2821,24.17113494873047,83.41805267333984,2016-07,0.23097225600072452,248,248,1.0
479,2822,24.17113494873047,83.51141357421875,2016-07,0.2270007255757528,248,248,1.0
479,2823,24.17113494873047,83.60477447509766,2016-07,0.2671265420353701,248,248,1.0
479,2824,24.17113494873047,83.69813537597656,2016-07,0.2694349876875358,248,248,1.0
479,2825,24.17113494873047,83.79149627685547,2016-07,0.2695088205979236,248,248,1.0
479,2826,24.17113494873047,83.88485717773438,2016-07,0.2738855087739085,248,248,1.0
479,2827,24.17113494873047,83.97821807861328,2016-07,0.27694520366288,248,248,1.0
479,2828,24.17113494873047,84.07157897949219,2016-07,0.28328572273735075,248,248,1.0
479,2829,24.17113494873047,84.1649398803711,2016-07,0.28228885626360295,248,248,1.0
479,2830,24.17113494873047,84.25830078125,2016-07,0.28608909447587305,248,248,1.0
479,2831,24.17113494873047,84.3516616821289,2016-07,0.27002694260989946,248,248,1.0
479,2832,24.17113494873047,84.44502258300781,2016-07,0.22833107085898519,248,248,1.0
479,2833,24.17113494873047,84.53838348388672,2016-07,0.22547601576473925,248,248,1.0
479,2834,24.17113494873047,84.63174438476562,2016-07,0.22720844214481692,248,248,1.0
479,2835,24.17113494873047,84.72510528564453,2016-07,0.22059683315455914,248,248,1.0
479,2836,24.17113494873047,84.81846618652344,2016-07,0.22052244655787945,248,248,1.0
479,2837,24.17113494873047,84.91182708740234,2016-07,0.2174793026079574,248,248,1.0
479,2838,24.17113494873047,85.00518798828125,2016-07,0.20837060533343785,248,248,1.0
479,2839,24.17113494873047,85.09854888916016,2016-07,0.20605237682860705,248,248,1.0
479,2840,24.17113494873047,85.19190979003906,2016-07,0.20051011387559195,248,248,1.0
479,2841,24.17113494873047,85.28527069091797,2016-07,0.1976818235500926,248,248,1.0
479,2842,24.17113494873047,85.37863159179688,2016-07,0.1983147558996514,248,248,1.0
479,2843,24.17113494873047,85.47199249267578,2016-07,0.19493994847570936,248,248,1.0
479,2844,24.17113494873047,85.56535339355469,2016-07,0.20118673060149436,248,248,1.0
479,2845,24.17113494873047,85.6587142944336,2016-07,0.2805942690540706,248,248,1.0
479,2846,24.17113494873047,85.7520751953125,2016-07,0.2819088630738758,248,248,1.0
479,2847,24.17113494873047,85.8454360961914,2016-07,0.2850091045782451,248,248,1.0
479,2848,24.17113494873047,85.93879699707031,2016-07,0.24637655753101553,248,248,1.0
479,2849,24.17113494873047,86.03215789794922,2016-07,0.25448820368957614,248,248,1.0
479,2850,24.17113494873047,86.12551879882812,2016-07,0.25601525181123325,248,248,1.0
479,2851,24.17113494873047,86.21887969970703,2016-07,0.25369560835702765,248,248,1.0
479,2852,24.17113494873047,86.31224060058594,2016-07,0.25668165481258787,248,248,1.0
479,2853,24.17113494873047,86.40560150146484,2016-07,0.26993895835813975,248,248,1.0
479,2854,24.17113494873047,86.49896240234375,2016-07,0.2772831119176361,248,248,1.0
479,2855,24.17113494873047,86.59232330322266,2016-07,0.275837464858928,248,248,1.0
479,2856,24.17113494873047,86.68568420410156,2016-07,0.33182663770933307,248,248,1.0
479,2857,24.17113494873047,86.77904510498047,2016-07,0.34388378827321914,248,248,1.0
479,2858,24.17113494873047,86.87240600585938,2016-07,0.3284553067097741,248,248,1.0
479,2859,24.17113494873047,86.96576690673828,2016-07,0.3304540850222111,248,248,1.0
479,2860,24.17113494873047,87.05912780761719,2016-07,0.3328078762898522,248,248,1.0
479,2861,24.17113494873047,87.1524887084961,2016-07,0.3282356539801244,248,248,1.0
479,2862,24.17113494873047,87.245849609375,2016-07,0.3366543217411926,248,248,1.0
479,2863,24.17113494873047,87.3392105102539,2016-07,0.3358709551994839,248,248,1.0
479,2864,24.17113494873047,87.43257904052734,2016-07,0.32694579414542646,248,248,1.0
479,2865,24.17113494873047,87.52593994140625,2016-07,0.3252803711521049,248,248,1.0
479,2866,24.17113494873047,87.61930084228516,2016-07,0.2541805666781241,248,248,1.0
480,2821,24.093935012817383,83.41805267333984,2016-07,0.22953300780406402,248,248,1.0
480,2822,24.093935012817383,83.51141357421875,2016-07,0.2286398148524665,248,248,1.0
480,2823,24.093935012817383,83.60477447509766,2016-07,0.22592141235908192,248,248,1.0
480,2824,24.093935012817383,83.69813537597656,2016-07,0.26964245804194964,248,248,1.0
480,2825,24.093935012817383,83.79149627685547,2016-07,0.2690513644727968,248,248,1.0
480,2826,24.093935012817383,83.88485717773438,2016-07,0.27476405821019606,248,248,1.0
480,2827,24.093935012817383,83.97821807861328,2016-07,0.28628112147411994,248,248,1.0
480,2828,24.093935012817383,84.07157897949219,2016-07,0.2815953196296769,248,248,1.0
480,2829,24.093935012817383,84.1649398803711,2016-07,0.28112057447733896,248,248,1.0
480,2830,24.093935012817383,84.25830078125,2016-07,0.2854585004820218,248,248,1.0
480,2831,24.093935012817383,84.3516616821289,2016-07,0.28337130733134763,248,248,1.0
480,2832,24.093935012817383,84.44502258300781,2016-07,0.28015428698892075,248,248,1.0
480,2833,24.093935012817383,84.53838348388672,2016-07,0.23766858833691767,248,248,1.0
480,2834,24.093935012817383,84.63174438476562,2016-07,0.2289052447003703,248,248,1.0
480,2835,24.093935012817383,84.72510528564453,2016-07,0.22564054022152577,248,248,1.0
480,2836,24.093935012817383,84.81846618652344,2016-07,0.22523618217617755,248,248,1.0
480,2837,24.093935012817383,84.91182708740234,2016-07,0.22035927627415908,248,248,1.0
480,2838,24.093935012817383,85.00518798828125,2016-07,0.21414901048786217,248,248,1.0
480,2839,24.093935012817383,85.09854888916016,2016-07,0.21000126523957138,248,248,1.0
480,2840,24.093935012817383,85.19190979003906,2016-07,0.20349271520371398,248,248,1.0
480,2841,24.093935012817383,85.28527069091797,2016-07,0.19702994118955347,248,248,1.0
480,2842,24.093935012817383,85.37863159179688,2016-07,0.1993081767802998,248,248,1.0
480,2843,24.093935012817383,85.47199249267578,2016-07,0.2075247885659337,248,248,1.0
480,2844,24.093935012817383,85.56535339355469,2016-07,0.2800150503434481,248,248,1.0
480,2845,24.093935012817383,85.6587142944336,2016-07,0.19698127296062246,248,248,1.0
480,2846,24.093935012817383,85.7520751953125,2016-07,0.2802387637596938,248,248,1.0
480,2847,24.093935012817383,85.8454360961914,2016-07,0.2806018983885165,248,248,1.0
480,2848,24.093935012817383,85.93879699707031,2016-07,0.28331390215504554,248,248,1.0
480,2849,24.093935012817383,86.03215789794922,2016-07,0.28899374027406016,248,248,1.0
480,2850,24.093935012817383,86.12551879882812,2016-07,0.2481095378978118,248,248,1.0
480,2851,24.093935012817383,86.21887969970703,2016-07,0.25063954368834535,248,248,1.0
480,2852,24.093935012817383,86.31224060058594,2016-07,0.263054168182275,248,248,1.0
480,2853,24.093935012817383,86.40560150146484,2016-07,0.267254272806308,248,248,1.0
480,2854,24.093935012817383,86.49896240234375,2016-07,0.2723178527948837,248,248,1.0
480,2855,24.093935012817383,86.59232330322266,2016-07,0.275123993385463,248,248,1.0
480,2856,24.093935012817383,86.68568420410156,2016-07,0.33880728759592577,248,248,1.0
480,2857,24.093935012817383,86.77904510498047,2016-07,0.34201729381757395,248,248,1.0
480,2858,24.093935012817383,86.87240600585938,2016-07,0.33892197462339557,248,248,1.0
480,2859,24.093935012817383,86.96576690673828,2016-07,0.33146239564784113,248,248,1.0
480,2860,24.093935012817383,87.05912780761719,2016-07,0.3314439374352655,248,248,1.0
480,2861,24.093935012817383,87.1524887084961,2016-07,0.33198217891397014,248,248,1.0
480,2862,24.093935012817383,87.245849609375,2016-07,0.3265293768697208,248,248,1.0
480,2863,24.093935012817383,87.3392105102539,2016-07,0.33372143481767946,248,248,1.0
480,2864,24.093935012817383,87.43257904052734,2016-07,0.3284130989904365,248,248,1.0
481,2823,24.01677894592285,83.60477447509766,2016-07,0.22357512749130687,248,248,1.0
481,2824,24.01677894592285,83.69813537597656,2016-07,0.25485749122115875,248,248,1.0
481,2825,24.01677894592285,83.79149627685547,2016-07,0.2565765661608067,248,248,1.0
481,2826,24.01677894592285,83.88485717773438,2016-07,0.2576082571890325,248,248,1.0
481,2827,24.01677894592285,83.97821807861328,2016-07,0.2699323134316552,248,248,1.0
481,2828,24.01677894592285,84.07157897949219,2016-07,0.2865000358151813,248,248,1.0
481,2829,24.01677894592285,84.1649398803711,2016-07,0.2760389054254178,248,248,1.0
481,2830,24.01677894592285,84.25830078125,2016-07,0.2814858624441249,248,248,1.0
481,2831,24.01677894592285,84.3516616821289,2016-07,0.27624459145590663,248,248,1.0
481,2832,24.01677894592285,84.44502258300781,2016-07,0.2773020624393417,248,248,1.0
481,2833,24.01677894592285,84.53838348388672,2016-07,0.23702181298886577,248,248,1.0
481,2834,24.01677894592285,84.63174438476562,2016-07,0.22839075254817162,248,248,1.0
481,2835,24.01677894592285,84.72510528564453,2016-07,0.2282505931272622,248,248,1.0
481,2836,24.01677894592285,84.81846618652344,2016-07,0.23056685275608493,248,248,1.0
481,2837,24.01677894592285,84.91182708740234,2016-07,0.22594688496282023,248,248,1.0
481,2838,24.01677894592285,85.00518798828125,2016-07,0.219800423169809,248,248,1.0
481,2839,24.01677894592285,85.09854888916016,2016-07,0.22269307123497128,248,248,1.0
481,2840,24.01677894592285,85.19190979003906,2016-07,0.20320138314198102,248,248,1.0
481,2841,24.01677894592285,85.28527069091797,2016-07,0.19863955883850012,248,248,1.0
481,2842,24.01677894592285,85.37863159179688,2016-07,0.20141419729277973,248,248,1.0
481,2843,24.01677894592285,85.47199249267578,2016-07,0.20413518399601022,248,248,1.0
481,2844,24.01677894592285,85.56535339355469,2016-07,0.2791546517682652,248,248,1.0
481,2845,24.01677894592285,85.6587142944336,2016-07,0.27662292327130994,248,248,1.0
481,2846,24.01677894592285,85.7520751953125,2016-07,0.2797483906991059,248,248,1.0
481,2847,24.01677894592285,85.8454360961914,2016-07,0.27801208816949396,248,248,1.0
481,2848,24.01677894592285,85.93879699707031,2016-07,0.27732052053174666,248,248,1.0
481,2849,24.01677894592285,86.03215789794922,2016-07,0.28155446545250956,248,248,1.0
481,2850,24.01677894592285,86.12551879882812,2016-07,0.24092738570705538,248,248,1.0
481,2851,24.01677894592285,86.21887969970703,2016-07,0.2515047415189685,248,248,1.0
481,2852,24.01677894592285,86.31224060058594,2016-07,0.26004929404946103,248,248,1.0
481,2853,24.01677894592285,86.40560150146484,2016-07,0.30799413196021513,248,248,1.0
481,2854,24.01677894592285,86.49896240234375,2016-07,0.27071346483764147,248,248,1.0
481,2855,24.01677894592285,86.59232330322266,2016-07,0.31967818052057295,248,248,1.0
481,2856,24.01677894592285,86.68568420410156,2016-07,0.3285386147758653,248,248,1.0
481,2857,24.01677894592285,86.77904510498047,2016-07,0.33540310097798226,248,248,1.0
481,2858,24.01677894592285,86.87240600585938,2016-07,0.3343330168675992,248,248,1.0
481,2859,24.01677894592285,86.96576690673828,2016-07,0.3266484938081234,248,248,1.0
481,2860,24.01677894592285,87.05912780761719,2016-07,0.24711660899582408,248,248,1.0
481,2861,24.01677894592285,87.1524887084961,2016-07,0.2474962327509157,248,248,1.0
481,2863,24.01677894592285,87.3392105102539,2016-07,0.2574988612604718,248,248,1.0
481,2864,24.01677894592285,87.43257904052734,2016-07,0.2570196860620091,248,248,1.0
482,2823,23.93967056274414,83.60477447509766,2016-07,0.2572569972084415,248,248,1.0
482,2824,23.93967056274414,83.69813537597656,2016-07,0.2533092778176069,248,248,1.0
482,2825,23.93967056274414,83.79149627685547,2016-07,0.2542523079581799,248,248,1.0
482,2826,23.93967056274414,83.88485717773438,2016-07,0.25759201394694464,248,248,1.0
482,2827,23.93967056274414,83.97821807861328,2016-07,0.2596916972148803,248,248,1.0
482,2828,23.93967056274414,84.07157897949219,2016-07,0.2610640038525866,248,248,1.0
482,2829,23.93967056274414,84.1649398803711,2016-07,0.256650276061508,248,248,1.0
482,2830,23.93967056274414,84.25830078125,2016-07,0.2621140300386375,248,248,1.0
482,2831,23.93967056274414,84.3516616821289,2016-07,0.2611059655225085,248,248,1.0
482,2832,23.93967056274414,84.44502258300781,2016-07,0.22740237661186727,248,248,1.0
482,2833,23.93967056274414,84.53838348388672,2016-07,0.22496663094047578,248,248,1.0
482,2834,23.93967056274414,84.63174438476562,2016-07,0.22526196234168544,248,248,1.0
482,2835,23.93967056274414,84.72510528564453,2016-07,0.2288755882050722,248,248,1.0
482,2836,23.93967056274414,84.81846618652344,2016-07,0.23359867563891795,248,248,1.0
482,2837,23.93967056274414,84.91182708740234,2016-07,0.22495690961518594,248,248,1.0
482,2838,23.93967056274414,85.00518798828125,2016-07,0.22940675399055885,248,248,1.0
482,2839,23.93967056274414,85.09854888916016,2016-07,0.22262360696350375,248,248,1.0
482,2840,23.93967056274414,85.19190979003906,2016-07,0.2500380521880523,248,248,1.0
482,2841,23.93967056274414,85.28527069091797,2016-07,0.23649741503440083,248,248,1.0
482,2842,23.93967056274414,85.37863159179688,2016-07,0.237106904973306,248,248,1.0
482,2843,23.93967056274414,85.47199249267578,2016-07,0.20212865323429147,248,248,1.0
482,2844,23.93967056274414,85.56535339355469,2016-07,0.2015742915832708,248,248,1.0
482,2845,23.93967056274414,85.6587142944336,2016-07,0.27686804821414335,248,248,1.0
482,2846,23.93967056274414,85.7520751953125,2016-07,0.2786840901019112,248,248,1.0
482,2847,23.93967056274414,85.8454360961914,2016-07,0.2753781013551258,248,248,1.0
482,2848,23.93967056274414,85.93879699707031,2016-07,0.2320468320300983,248,248,1.0
482,2849,23.93967056274414,86.03215789794922,2016-07,0.23885557429504492,248,248,1.0
482,2850,23.93967056274414,86.12551879882812,2016-07,0.2384750891266571,248,248,1.0
482,2851,23.93967056274414,86.21887969970703,2016-07,0.2414402779221775,248,248,1.0
482,2852,23.93967056274414,86.31224060058594,2016-07,0.24736825602069015,248,248,1.0
482,2853,23.93967056274414,86.40560150146484,2016-07,0.2525052996953168,248,248,1.0
482,2854,23.93967056274414,86.49896240234375,2016-07,0.2554385557229961,248,248,1.0
482,2855,23.93967056274414,86.59232330322266,2016-07,0.2643955877170928,248,248,1.0
482,2856,23.93967056274414,86.68568420410156,2016-07,0.3159806313173425,248,248,1.0
482,2857,23.93967056274414,86.77904510498047,2016-07,0.3200901677651751,248,248,1.0
482,2858,23.93967056274414,86.87240600585938,2016-07,0.3252663428504621,248,248,1.0
482,2859,23.93967056274414,86.96576690673828,2016-07,0.24645420521377556,248,248,1.0
482,2860,23.93967056274414,87.05912780761719,2016-07,0.24369580986639183,248,248,1.0
482,2861,23.93967056274414,87.1524887084961,2016-07,0.2500565100100733,248,248,1.0
482,2862,23.93967056274414,87.245849609375,2016-07,0.2519193128232033,248,248,1.0
483,2823,23.862606048583984,83.60477447509766,2016-07,0.21541124456111463,248,248,1.0
483,2824,23.862606048583984,83.69813537597656,2016-07,0.25927306489358026,248,248,1.0
483,2825,23.862606048583984,83.79149627685547,2016-07,0.25901366547951776,248,248,1.0
483,2826,23.862606048583984,83.88485717773438,2016-07,0.2632784970224865,248,248,1.0
483,2827,23.862606048583984,83.97821807861328,2016-07,0.2627317648260824,248,248,1.0
483,2828,23.862606048583984,84.07157897949219,2016-07,0.26489974342046246,248,248,1.0
483,2829,23.862606048583984,84.1649398803711,2016-07,0.2533239831306761,248,248,1.0
483,2830,23.862606048583984,84.25830078125,2016-07,0.25469998141089756,248,248,1.0
483,2831,23.862606048583984,84.3516616821289,2016-07,0.2619768239918255,248,248,1.0
483,2832,23.862606048583984,84.44502258300781,2016-07,0.23295989842905152,248,248,1.0
483,2833,23.862606048583984,84.53838348388672,2016-07,0.2264816810286814,248,248,1.0
483,2834,23.862606048583984,84.63174438476562,2016-07,0.23050298710023204,248,248,1.0
483,2835,23.862606048583984,84.72510528564453,2016-07,0.23279365110060862,248,248,1.0
483,2836,23.862606048583984,84.81846618652344,2016-07,0.24030134478403675,248,248,1.0
483,2837,23.862606048583984,84.91182708740234,2016-07,0.23738814632017766,248,248,1.0
483,2838,23.862606048583984,85.00518798828125,2016-07,0.2386750532614608,248,248,1.0
483,2839,23.862606048583984,85.09854888916016,2016-07,0.22804755247348257,248,248,1.0
483,2840,23.862606048583984,85.19190979003906,2016-07,0.22644088834884665,248,248,1.0
483,2841,23.862606048583984,85.28527069091797,2016-07,0.2491230170182403,248,248,1.0
483,2842,23.862606048583984,85.37863159179688,2016-07,0.24218076003354885,248,248,1.0
483,2843,23.862606048583984,85.47199249267578,2016-07,0.2807254452378519,248,248,1.0
483,2844,23.862606048583984,85.56535339355469,2016-07,0.26870668781620843,248,248,1.0
483,2845,23.862606048583984,85.6587142944336,2016-07,0.2729375563081234,248,248,1.0
483,2846,23.862606048583984,85.7520751953125,2016-07,0.27316422321863715,248,248,1.0
483,2847,23.862606048583984,85.8454360961914,2016-07,0.27683174706274466,248,248,1.0
483,2848,23.862606048583984,85.93879699707031,2016-07,0.24004114534886134,248,248,1.0
483,2849,23.862606048583984,86.03215789794922,2016-07,0.23784664850081166,248,248,1.0
483,2850,23.862606048583984,86.12551879882812,2016-07,0.2459486964038543,248,248,1.0
483,2851,23.862606048583984,86.21887969970703,2016-07,0.24717032255965374,248,248,1.0
483,2852,23.862606048583984,86.31224060058594,2016-07,0.2485991112827774,248,248,1.0
483,2853,23.862606048583984,86.40560150146484,2016-07,0.2536068857617436,248,248,1.0
483,2854,23.862606048583984,86.49896240234375,2016-07,0.2163374165613805,248,248,1.0
483,2855,23.862606048583984,86.59232330322266,2016-07,0.2239430614656979,248,248,1.0
483,2856,23.862606048583984,86.68568420410156,2016-07,0.2283257793995642,248,248,1.0
483,2857,23.862606048583984,86.77904510498047,2016-07,0.23581809078853938,248,248,1.0
483,2858,23.862606048583984,86.87240600585938,2016-07,0.239163949544872,248,248,1.0
483,2860,23.862606048583984,87.05912780761719,2016-07,0.25037719062980146,248,248,1.0
483,2862,23.862606048583984,87.245849609375,2016-07,0.2522879848557134,248,248,1.0
484,2825,23.785587310791016,83.79149627685547,2016-07,0.22231510804305155,248,248,1.0
484,2826,23.785587310791016,83.88485717773438,2016-07,0.21635784307915357,248,248,1.0
484,2827,23.785587310791016,83.97821807861328,2016-07,0.2208933338012186,248,248,1.0
484,2828,23.785587310791016,84.07157897949219,2016-07,0.22165319700575165,248,248,1.0
484,2829,23.785587310791016,84.1649398803711,2016-07,0.21295131848103577,248,248,1.0
484,2830,23.785587310791016,84.25830078125,2016-07,0.21473216680028745,248,248,1.0
484,2831,23.785587310791016,84.3516616821289,2016-07,0.2297921001670822,248,248,1.0
484,2832,23.785587310791016,84.44502258300781,2016-07,0.23882198045330663,248,248,1.0
484,2833,23.785587310791016,84.53838348388672,2016-07,0.24554643034934998,248,248,1.0
484,2834,23.785587310791016,84.63174438476562,2016-07,0.23506610329833724,248,248,1.0
484,2835,23.785587310791016,84.72510528564453,2016-07,0.22981904849650397,248,248,1.0
484,2836,23.785587310791016,84.81846618652344,2016-07,0.24271383298741234,248,248,1.0
484,2837,23.785587310791016,84.91182708740234,2016-07,0.24336430069900328,248,248,1.0
484,2838,23.785587310791016,85.00518798828125,2016-07,0.26701616201429595,248,248,1.0
484,2839,23.785587310791016,85.09854888916016,2016-07,0.26666397927328944,248,248,1.0
484,2840,23.785587310791016,85.19190979003906,2016-07,0.255852265989468,248,248,1.0
484,2841,23.785587310791016,85.28527069091797,2016-07,0.2169411846196219,248,248,1.0
484,2842,23.785587310791016,85.37863159179688,2016-07,0.21147472337789594,248,248,1.0
484,2843,23.785587310791016,85.47199249267578,2016-07,0.2873441913435536,248,248,1.0
484,2844,23.785587310791016,85.56535339355469,2016-07,0.2828243903575405,248,248,1.0
484,2845,23.785587310791016,85.6587142944336,2016-07,0.28375160802275906,248,248,1.0
484,2846,23.785587310791016,85.7520751953125,2016-07,0.28113595615591735,248,248,1.0
484,2847,23.785587310791016,85.8454360961914,2016-07,0.24684908805835631,248,248,1.0
484,2848,23.785587310791016,85.93879699707031,2016-07,0.2413867490756656,248,248,1.0
484,2849,23.785587310791016,86.03215789794922,2016-07,0.2445104326301765,248,248,1.0
484,2850,23.785587310791016,86.12551879882812,2016-07,0.24382557137118233,248,248,1.0
484,2851,23.785587310791016,86.21887969970703,2016-07,0.2504934158416525,248,248,1.0
484,2852,23.785587310791016,86.31224060058594,2016-07,0.2517121501807724,248,248,1.0
484,2853,23.785587310791016,86.40560150146484,2016-07,0.21902197890824848,248,248,1.0
484,2854,23.785587310791016,86.49896240234375,2016-07,0.21851683921751477,248,248,1.0
484,2855,23.785587310791016,86.59232330322266,2016-07,0.2192688268879729,248,248,1.0
484,2856,23.785587310791016,86.68568420410156,2016-07,0.2218222128407609,248,248,1.0
484,2857,23.785587310791016,86.77904510498047,2016-07,0.23114779408300115,248,248,1.0
485,2825,23.70861053466797,83.79149627685547,2016-07,0.2192705488733707,248,248,1.0
485,2826,23.70861053466797,83.88485717773438,2016-07,0.26094021053323824,248,248,1.0
485,2827,23.70861053466797,83.97821807861328,2016-07,0.2508184651453649,248,248,1.0
485,2828,23.70861053466797,84.07157897949219,2016-07,0.26600379064198465,248,248,1.0
485,2829,23.70861053466797,84.1649398803711,2016-07,0.26853957994570654,248,248,1.0
485,2830,23.70861053466797,84.25830078125,2016-07,0.25616014880999444,248,248,1.0
485,2831,23.70861053466797,84.3516616821289,2016-07,0.2870348319411278,248,248,1.0
485,2832,23.70861053466797,84.44502258300781,2016-07,0.2390181297856954,248,248,1.0
485,2833,23.70861053466797,84.53838348388672,2016-07,0.2459804444543777,248,248,1.0
485,2834,23.70861053466797,84.63174438476562,2016-07,0.24493792466819286,248,248,1.0
485,2835,23.70861053466797,84.72510528564453,2016-07,0.26574352996483924,248,248,1.0
485,2836,23.70861053466797,84.81846618652344,2016-07,0.283618216733298,248,248,1.0
485,2837,23.70861053466797,84.91182708740234,2016-07,0.275831189006567,248,248,1.0
485,2838,23.70861053466797,85.00518798828125,2016-07,0.27307254766985295,248,248,1.0
485,2839,23.70861053466797,85.09854888916016,2016-07,0.3378356473460313,248,248,1.0
485,2840,23.70861053466797,85.19190979003906,2016-07,0.311354388092314,248,248,1.0
485,2841,23.70861053466797,85.28527069091797,2016-07,0.3063135732325815,248,248,1.0
485,2842,23.70861053466797,85.37863159179688,2016-07,0.2954240891361429,248,248,1.0
485,2843,23.70861053466797,85.47199249267578,2016-07,0.2940052679229167,248,248,1.0
485,2844,23.70861053466797,85.56535339355469,2016-07,0.291411273842377,248,248,1.0
485,2845,23.70861053466797,85.6587142944336,2016-07,0.2897292385178228,248,248,1.0
485,2846,23.70861053466797,85.7520751953125,2016-07,0.21657331233784075,248,248,1.0
485,2847,23.70861053466797,85.8454360961914,2016-07,0.21550593531179812,248,248,1.0
485,2848,23.70861053466797,85.93879699707031,2016-07,0.21243676507184583,248,248,1.0
485,2849,23.70861053466797,86.03215789794922,2016-07,0.21400971234505695,248,248,1.0
485,2850,23.70861053466797,86.12551879882812,2016-07,0.21252641033741734,248,248,1.0
485,2851,23.70861053466797,86.21887969970703,2016-07,0.214137812220161,248,248,1.0
485,2852,23.70861053466797,86.31224060058594,2016-07,0.21320093495230522,248,248,1.0
485,2853,23.70861053466797,86.40560150146484,2016-07,0.2150608462191397,248,248,1.0
485,2854,23.70861053466797,86.49896240234375,2016-07,0.21562640594258423,248,248,1.0
485,2855,23.70861053466797,86.59232330322266,2016-07,0.21572300407194323,248,248,1.0
485,2856,23.70861053466797,86.68568420410156,2016-07,0.21889363268330211,248,248,1.0
485,2857,23.70861053466797,86.77904510498047,2016-07,0.2246617011785988,248,248,1.0
486,2825,23.631681442260746,83.79149627685547,2016-07,0.21845955654017388,248,248,1.0
486,2826,23.631681442260746,83.88485717773438,2016-07,0.22140499516840903,248,248,1.0
486,2827,23.631681442260746,83.97821807861328,2016-07,0.22125794486172737,248,248,1.0
486,2828,23.631681442260746,84.07157897949219,2016-07,0.2225799836939381,248,248,1.0
486,2829,23.631681442260746,84.1649398803711,2016-07,0.2733819073126201,248,248,1.0
486,2830,23.631681442260746,84.25830078125,2016-07,0.25472176189143814,248,248,1.0
486,2831,23.631681442260746,84.3516616821289,2016-07,0.2224032770722143,248,248,1.0
486,2832,23.631681442260746,84.44502258300781,2016-07,0.24973546034626423,248,248,1.0
486,2833,23.631681442260746,84.53838348388672,2016-07,0.2746120856534089,248,248,1.0
486,2834,23.631681442260746,84.63174438476562,2016-07,0.25898585492564785,248,248,1.0
486,2835,23.631681442260746,84.72510528564453,2016-07,0.2641343429324127,248,248,1.0
486,2836,23.631681442260746,84.81846618652344,2016-07,0.23487069223436616,248,248,1.0
486,2837,23.631681442260746,84.91182708740234,2016-07,0.27216624961264674,248,248,1.0
486,2838,23.631681442260746,85.00518798828125,2016-07,0.3352999811571452,248,248,1.0
486,2839,23.631681442260746,85.09854888916016,2016-07,0.3322908002883196,248,248,1.0
486,2840,23.631681442260746,85.19190979003906,2016-07,0.2789028814483073,248,248,1.0
486,2841,23.631681442260746,85.28527069091797,2016-07,0.2738237967113814,248,248,1.0
486,2842,23.631681442260746,85.37863159179688,2016-07,0.3018109998515537,248,248,1.0
486,2843,23.631681442260746,85.47199249267578,2016-07,0.29812710984579976,248,248,1.0
486,2844,23.631681442260746,85.56535339355469,2016-07,0.29608144767342076,248,248,1.0
486,2845,23.631681442260746,85.6587142944336,2016-07,0.29395863029264635,248,248,1.0
486,2846,23.631681442260746,85.7520751953125,2016-07,0.2208991791271875,248,248,1.0
486,2847,23.631681442260746,85.8454360961914,2016-07,0.21924261595573155,248,248,1.0
486,2848,23.631681442260746,85.93879699707031,2016-07,0.21428498583695582,248,248,1.0
486,2849,23.631681442260746,86.03215789794922,2016-07,0.21274347890228515,248,248,1.0
486,2850,23.631681442260746,86.12551879882812,2016-07,0.20415881010253104,248,248,1.0
486,2851,23.631681442260746,86.21887969970703,2016-07,0.20361693856877186,248,248,1.0
486,2852,23.631681442260746,86.31224060058594,2016-07,0.20499945863059932,248,248,1.0
486,2853,23.631681442260746,86.40560150146484,2016-07,0.20406738049801318,248,248,1.0
487,2828,23.55479431152344,84.07157897949219,2016-07,0.2169924363974602,248,248,1.0
487,2829,23.55479431152344,84.1649398803711,2016-07,0.24885094279964123,248,248,1.0
487,2830,23.55479431152344,84.25830078125,2016-07,0.25166163635590383,248,248,1.0
487,2831,23.55479431152344,84.3516616821289,2016-07,0.22798467151099636,248,248,1.0
487,2832,23.55479431152344,84.44502258300781,2016-07,0.2765273097301683,248,248,1.0
487,2833,23.55479431152344,84.53838348388672,2016-07,0.2743147854963618,248,248,1.0
487,2834,23.55479431152344,84.63174438476562,2016-07,0.26705898518764204,248,248,1.0
487,2835,23.55479431152344,84.72510528564453,2016-07,0.2747955603464957,248,248,1.0
487,2836,23.55479431152344,84.81846618652344,2016-07,0.24470781228475033,248,248,1.0
487,2837,23.55479431152344,84.91182708740234,2016-07,0.3239476882041462,248,248,1.0
487,2838,23.55479431152344,85.00518798828125,2016-07,0.3467622851171801,248,248,1.0
487,2839,23.55479431152344,85.09854888916016,2016-07,0.34337926385623796,248,248,1.0
487,2840,23.55479431152344,85.19190979003906,2016-07,0.2920911514590825,248,248,1.0
487,2841,23.55479431152344,85.28527069091797,2016-07,0.281984172521099,248,248,1.0
487,2842,23.55479431152344,85.37863159179688,2016-07,0.27615223873046135,248,248,1.0
487,2843,23.55479431152344,85.47199249267578,2016-07,0.2631544574434238,248,248,1.0
487,2844,23.55479431152344,85.56535339355469,2016-07,0.3026254993052252,248,248,1.0
487,2845,23.55479431152344,85.6587142944336,2016-07,0.22412665894315129,248,248,1.0
487,2846,23.55479431152344,85.7520751953125,2016-07,0.22072173387653404,248,248,1.0
487,2847,23.55479431152344,85.8454360961914,2016-07,0.21837335707800043,248,248,1.0
487,2848,23.55479431152344,85.93879699707031,2016-07,0.2121670903758176,248,248,1.0
487,2851,23.55479431152344,86.21887969970703,2016-07,0.20363810404594387,248,248,1.0
487,2852,23.55479431152344,86.31224060058594,2016-07,0.20406319663649605,248,248,1.0
488,2828,23.47795295715332,84.07157897949219,2016-07,0.26323062872454045,248,248,1.0
488,2829,23.47795295715332,84.1649398803711,2016-07,0.23352656507443997,248,248,1.0
488,2830,23.47795295715332,84.25830078125,2016-07,0.2949604191366703,248,248,1.0
488,2831,23.47795295715332,84.3516616821289,2016-07,0.23241845722640714,248,248,1.0
488,2832,23.47795295715332,84.44502258300781,2016-07,0.30289375878149466,248,248,1.0
488,2833,23.47795295715332,84.53838348388672,2016-07,0.2664638922940339,248,248,1.0
488,2834,23.47795295715332,84.63174438476562,2016-07,0.27259940215416495,248,248,1.0
488,2835,23.47795295715332,84.72510528564453,2016-07,0.3362241223935158,248,248,1.0
488,2836,23.47795295715332,84.81846618652344,2016-07,0.3456816182982537,248,248,1.0
488,2837,23.47795295715332,84.91182708740234,2016-07,0.34956251901964985,248,248,1.0
488,2838,23.47795295715332,85.00518798828125,2016-07,0.353624802443289,248,248,1.0
488,2839,23.47795295715332,85.09854888916016,2016-07,0.35060405436783065,248,248,1.0
488,2840,23.47795295715332,85.19190979003906,2016-07,0.3520332122401845,248,248,1.0
488,2841,23.47795295715332,85.28527069091797,2016-07,0.34724589022657565,248,248,1.0
488,2842,23.47795295715332,85.37863159179688,2016-07,0.29125117955188595,248,248,1.0
488,2843,23.47795295715332,85.47199249267578,2016-07,0.2835522591466865,248,248,1.0
488,2844,23.47795295715332,85.56535339355469,2016-07,0.28083447192705446,248,248,1.0
488,2845,23.47795295715332,85.6587142944336,2016-07,0.23214761342012113,248,248,1.0
488,2846,23.47795295715332,85.7520751953125,2016-07,0.22874650302072685,248,248,1.0
488,2847,23.47795295715332,85.8454360961914,2016-07,0.2591356126170966,248,248,1.0
488,2848,23.47795295715332,85.93879699707031,2016-07,0.2507002093799172,248,248,1.0
488,2851,23.47795295715332,86.21887969970703,2016-07,0.20388772050219198,248,248,1.0
488,2852,23.47795295715332,86.31224060058594,2016-07,0.20481702997799842,248,248,1.0
489,2827,23.401153564453125,83.97821807861328,2016-07,0.25984182389032456,248,248,1.0
489,2828,23.401153564453125,84.07157897949219,2016-07,0.26231448604695257,248,248,1.0
489,2829,23.401153564453125,84.1649398803711,2016-07,0.2337580311202234,248,248,1.0
489,2830,23.401153564453125,84.25830078125,2016-07,0.27013400022781664,248,248,1.0
489,2831,23.401153564453125,84.3516616821289,2016-07,0.2725200319602605,248,248,1.0
489,2832,23.401153564453125,84.44502258300781,2016-07,0.27298259476740516,248,248,1.0
489,2833,23.401153564453125,84.53838348388672,2016-07,0.266486534247956,248,248,1.0
489,2834,23.401153564453125,84.63174438476562,2016-07,0.27377420585722695,248,248,1.0
489,2835,23.401153564453125,84.72510528564453,2016-07,0.3183269163653735,248,248,1.0
489,2836,23.401153564453125,84.81846618652344,2016-07,0.34555511801473554,248,248,1.0
489,2837,23.401153564453125,84.91182708740234,2016-07,0.33984562364076415,248,248,1.0
489,2838,23.401153564453125,85.00518798828125,2016-07,0.3561548081136519,248,248,1.0
489,2839,23.401153564453125,85.09854888916016,2016-07,0.35355712227042646,248,248,1.0
489,2840,23.401153564453125,85.19190979003906,2016-07,0.3633781219081533,248,248,1.0
489,2841,23.401153564453125,85.28527069091797,2016-07,0.35896562466457965,248,248,1.0
489,2842,23.401153564453125,85.37863159179688,2016-07,0.35428708305041634,248,248,1.0
489,2843,23.401153564453125,85.47199249267578,2016-07,0.33944274238761396,248,248,1.0
489,2844,23.401153564453125,85.56535339355469,2016-07,0.3291231249008448,248,248,1.0
489,2845,23.401153564453125,85.6587142944336,2016-07,0.2659906234832541,248,248,1.0
489,2846,23.401153564453125,85.7520751953125,2016-07,0.26080891093419445,248,248,1.0
489,2847,23.401153564453125,85.8454360961914,2016-07,0.26158317148445115,248,248,1.0
490,2828,23.324398040771484,84.07157897949219,2016-07,0.22787576787654432,248,248,1.0
490,2829,23.324398040771484,84.1649398803711,2016-07,0.23577231469173585,248,248,1.0
490,2830,23.324398040771484,84.25830078125,2016-07,0.27185762817821196,248,248,1.0
490,2831,23.324398040771484,84.3516616821289,2016-07,0.272683571663595,248,248,1.0
490,2832,23.324398040771484,84.44502258300781,2016-07,0.26785982514341034,248,248,1.0
490,2833,23.324398040771484,84.53838348388672,2016-07,0.2739016905787491,248,248,1.0
490,2834,23.324398040771484,84.63174438476562,2016-07,0.33282362741808735,248,248,1.0
490,2835,23.324398040771484,84.72510528564453,2016-07,0.3124629883396049,248,248,1.0
490,2836,23.324398040771484,84.81846618652344,2016-07,0.347216111037039,248,248,1.0
490,2837,23.324398040771484,84.91182708740234,2016-07,0.35343455979900973,248,248,1.0
490,2838,23.324398040771484,85.00518798828125,2016-07,0.3586235325182638,248,248,1.0
490,2839,23.324398040771484,85.09854888916016,2016-07,0.3566224161054819,248,248,1.0
490,2840,23.324398040771484,85.19190979003906,2016-07,0.36227653578164115,248,248,1.0
490,2841,23.324398040771484,85.28527069091797,2016-07,0.3586161491731482,248,248,1.0
490,2842,23.324398040771484,85.37863159179688,2016-07,0.3556372397729466,248,248,1.0
490,2843,23.324398040771484,85.47199249267578,2016-07,0.34095385472380346,248,248,1.0
490,2844,23.324398040771484,85.56535339355469,2016-07,0.32960106955180246,248,248,1.0
490,2845,23.324398040771484,85.6587142944336,2016-07,0.2634175487703854,248,248,1.0
490,2846,23.324398040771484,85.7520751953125,2016-07,0.2604380239762606,248,248,1.0
490,2847,23.324398040771484,85.8454360961914,2016-07,0.262658177724769,248,248,1.0
491,2828,23.2476863861084,84.07157897949219,2016-07,0.26468882739784255,248,248,1.0
491,2829,23.2476863861084,84.1649398803711,2016-07,0.23716234121351473,248,248,1.0
491,2830,23.2476863861084,84.25830078125,2016-07,0.2742818067030561,248,248,1.0
491,2831,23.2476863861084,84.3516616821289,2016-07,0.27056124632156664,248,248,1.0
491,2832,23.2476863861084,84.44502258300781,2016-07,0.2694789796106277,248,248,1.0
491,2833,23.2476863861084,84.53838348388672,2016-07,0.3308258335436544,248,248,1.0
491,2834,23.2476863861084,84.63174438476562,2016-07,0.33341724353451885,248,248,1.0
491,2835,23.2476863861084,84.72510528564453,2016-07,0.3370314846115728,248,248,1.0
491,2836,23.2476863861084,84.81846618652344,2016-07,0.3480619893920037,248,248,1.0
491,2837,23.2476863861084,84.91182708740234,2016-07,0.3541418785049069,248,248,1.0
491,2838,23.2476863861084,85.00518798828125,2016-07,0.3580030904662225,248,248,1.0
491,2839,23.2476863861084,85.09854888916016,2016-07,0.3512321258144033,248,248,1.0
491,2840,23.2476863861084,85.19190979003906,2016-07,0.35302306465323896,248,248,1.0
491,2841,23.2476863861084,85.28527069091797,2016-07,0.35235783067201415,248,248,1.0
491,2842,23.2476863861084,85.37863159179688,2016-07,0.34852221409880346,248,248,1.0
491,2843,23.2476863861084,85.47199249267578,2016-07,0.34037032909691334,248,248,1.0
491,2844,23.2476863861084,85.56535339355469,2016-07,0.3274599167728616,248,248,1.0
491,2845,23.2476863861084,85.6587142944336,2016-07,0.32682396988234214,248,248,1.0
491,2846,23.2476863861084,85.7520751953125,2016-07,0.2625951737525963,248,248,1.0
492,2828,23.17101669311523,84.07157897949219,2016-07,0.26751797916668074,248,248,1.0
492,2829,23.17101669311523,84.1649398803711,2016-07,0.2776036697529977,248,248,1.0
492,2830,23.17101669311523,84.25830078125,2016-07,0.23750160304048368,248,248,1.0
492,2831,23.17101669311523,84.3516616821289,2016-07,0.2703247349108419,248,248,1.0
492,2832,23.17101669311523,84.44502258300781,2016-07,0.2701629179139291,248,248,1.0
492,2833,23.17101669311523,84.53838348388672,2016-07,0.3328964758303858,248,248,1.0
492,2834,23.17101669311523,84.63174438476562,2016-07,0.3358126273078303,248,248,1.0
492,2835,23.17101669311523,84.72510528564453,2016-07,0.3393253482157184,248,248,1.0
492,2836,23.17101669311523,84.81846618652344,2016-07,0.34929745908706417,248,248,1.0
492,2837,23.17101669311523,84.91182708740234,2016-07,0.3538618058326744,248,248,1.0
492,2838,23.17101669311523,85.00518798828125,2016-07,0.35834518261253834,248,248,1.0
492,2839,23.17101669311523,85.09854888916016,2016-07,0.3560991873063387,248,248,1.0
492,2840,23.17101669311523,85.19190979003906,2016-07,0.35103991429411596,248,248,1.0
492,2841,23.17101669311523,85.28527069091797,2016-07,0.3528338064469637,248,248,1.0
492,2842,23.17101669311523,85.37863159179688,2016-07,0.3488409259026089,248,248,1.0
492,2843,23.17101669311523,85.47199249267578,2016-07,0.3378853614652349,248,248,1.0
492,2844,23.17101669311523,85.56535339355469,2016-07,0.33079593111911126,248,248,1.0
492,2845,23.17101669311523,85.6587142944336,2016-07,0.32896463032211026,248,248,1.0
492,2846,23.17101669311523,85.7520751953125,2016-07,0.3284805329937127,248,248,1.0
492,2847,23.17101669311523,85.8454360961914,2016-07,0.32146247440288145,248,248,1.0
493,2829,23.094390869140625,84.1649398803711,2016-07,0.2751088576211083,248,248,1.0
493,2830,23.094390869140625,84.25830078125,2016-07,0.23495387736587756,248,248,1.0
493,2831,23.094390869140625,84.3516616821289,2016-07,0.2688146070126564,248,248,1.0
493,2832,23.094390869140625,84.44502258300781,2016-07,0.26469867177788287,248,248,1.0
493,2833,23.094390869140625,84.53838348388672,2016-07,0.3301882868212077,248,248,1.0
493,2834,23.094390869140625,84.63174438476562,2016-07,0.3342690284574224,248,248,1.0
493,2835,23.094390869140625,84.72510528564453,2016-07,0.338026505264063,248,248,1.0
493,2836,23.094390869140625,84.81846618652344,2016-07,0.35020732585220565,248,248,1.0
493,2837,23.094390869140625,84.91182708740234,2016-07,0.3565862380088337,248,248,1.0
493,2838,23.094390869140625,85.00518798828125,2016-07,0.3606412612021931,248,248,1.0
493,2839,23.094390869140625,85.09854888916016,2016-07,0.3599244672805071,248,248,1.0
493,2840,23.094390869140625,85.19190979003906,2016-07,0.35497766631024497,248,248,1.0
493,2841,23.094390869140625,85.28527069091797,2016-07,0.35419429976853634,248,248,1.0
493,2842,23.094390869140625,85.37863159179688,2016-07,0.35090258519255346,248,248,1.0
493,2843,23.094390869140625,85.47199249267578,2016-07,0.2782338330702436,248,248,1.0
493,2844,23.094390869140625,85.56535339355469,2016-07,0.2712220503317733,248,248,1.0
493,2845,23.094390869140625,85.6587142944336,2016-07,0.3312007813083549,248,248,1.0
493,2846,23.094390869140625,85.7520751953125,2016-07,0.3273666413320649,248,248,1.0
493,2847,23.094390869140625,85.8454360961914,2016-07,0.3232605504172464,248,248,1.0
493,2848,23.094390869140625,85.93879699707031,2016-07,0.3087770063430071,248,248,1.0
493,2849,23.094390869140625,86.03215789794922,2016-07,0.3074445695045494,248,248,1.0
494,2829,23.01780891418457,84.1649398803711,2016-07,0.2764276355024307,248,248,1.0
494,2830,23.01780891418457,84.25830078125,2016-07,0.2344719950229891,248,248,1.0
494,2831,23.01780891418457,84.3516616821289,2016-07,0.2304562262950405,248,248,1.0
494,2832,23.01780891418457,84.44502258300781,2016-07,0.2640169485201759,248,248,1.0
494,2833,23.01780891418457,84.53838348388672,2016-07,0.3276024143542013,248,248,1.0
494,2834,23.01780891418457,84.63174438476562,2016-07,0.3326322772810536,248,248,1.0
494,2835,23.01780891418457,84.72510528564453,2016-07,0.33876532598608927,248,248,1.0
494,2836,23.01780891418457,84.81846618652344,2016-07,0.3482754893240429,248,248,1.0
494,2837,23.01780891418457,84.91182708740234,2016-07,0.3547164210749249,248,248,1.0
494,2838,23.01780891418457,85.00518798828125,2016-07,0.35834444428403534,248,248,1.0
494,2839,23.01780891418457,85.09854888916016,2016-07,0.3579410708118831,248,248,1.0
494,2840,23.01780891418457,85.19190979003906,2016-07,0.3514469794087833,248,248,1.0
494,2841,23.01780891418457,85.28527069091797,2016-07,0.349943742576626,248,248,1.0
494,2842,23.01780891418457,85.37863159179688,2016-07,0.2833929034250398,248,248,1.0
494,2843,23.01780891418457,85.47199249267578,2016-07,0.2747229579535703,248,248,1.0
494,2844,23.01780891418457,85.56535339355469,2016-07,0.2665556912280379,248,248,1.0
494,2845,23.01780891418457,85.6587142944336,2016-07,0.3279245715708502,248,248,1.0
494,2846,23.01780891418457,85.7520751953125,2016-07,0.325326147459207,248,248,1.0
494,2847,23.01780891418457,85.8454360961914,2016-07,0.3221968650938042,248,248,1.0
494,2848,23.01780891418457,85.93879699707031,2016-07,0.31723849703708,248,248,1.0
494,2849,23.01780891418457,86.03215789794922,2016-07,0.3124100747368028,248,248,1.0
494,2850,23.01780891418457,86.12551879882812,2016-07,0.25029068326036774,248,248,1.0
495,2832,22.941267013549805,84.44502258300781,2016-07,0.2292643176211465,248,248,1.0
495,2833,22.941267013549805,84.53838348388672,2016-07,0.23206405942478486,248,248,1.0
495,2834,22.941267013549805,84.63174438476562,2016-07,0.3336552314219936,248,248,1.0
495,2835,22.941267013549805,84.72510528564453,2016-07,0.34008705706125303,248,248,1.0
495,2836,22.941267013549805,84.81846618652344,2016-07,0.35021593968474096,248,248,1.0
495,2837,22.941267013549805,84.91182708740234,2016-07,0.3558204682964471,248,248,1.0
495,2838,22.941267013549805,85.00518798828125,2016-07,0.35362492543795415,248,248,1.0
495,2839,22.941267013549805,85.09854888916016,2016-07,0.35341967011411346,248,248,1.0
495,2840,22.941267013549805,85.19190979003906,2016-07,0.35187471772153534,248,248,1.0
495,2841,22.941267013549805,85.28527069091797,2016-07,0.3490196014003408,248,248,1.0
495,2842,22.941267013549805,85.37863159179688,2016-07,0.3444722361502148,248,248,1.0
495,2843,22.941267013549805,85.47199249267578,2016-07,0.3333638377127148,248,248,1.0
495,2844,22.941267013549805,85.56535339355469,2016-07,0.33007655316783535,248,248,1.0
495,2845,22.941267013549805,85.6587142944336,2016-07,0.32219637305505816,248,248,1.0
495,2846,22.941267013549805,85.7520751953125,2016-07,0.31728132009025545,248,248,1.0
495,2847,22.941267013549805,85.8454360961914,2016-07,0.3162117281988744,248,248,1.0
495,2848,22.941267013549805,85.93879699707031,2016-07,0.31022609896477193,248,248,1.0
495,2849,22.941267013549805,86.03215789794922,2016-07,0.3142578648703714,248,248,1.0
495,2850,22.941267013549805,86.12551879882812,2016-07,0.24884355921418436,248,248,1.0
495,2851,22.941267013549805,86.21887969970703,2016-07,0.2383751684739705,248,248,1.0
495,2852,22.941267013549805,86.31224060058594,2016-07,0.235796679412165,248,248,1.0
495,2853,22.941267013549805,86.40560150146484,2016-07,0.20081639704444715,248,248,1.0
496,2832,22.864768981933594,84.44502258300781,2016-07,0.26516283435686944,248,248,1.0
496,2833,22.864768981933594,84.53838348388672,2016-07,0.26781810982333076,248,248,1.0
496,2834,22.864768981933594,84.63174438476562,2016-07,0.27707035035916394,248,248,1.0
496,2835,22.864768981933594,84.72510528564453,2016-07,0.34236861519034834,248,248,1.0
496,2836,22.864768981933594,84.81846618652344,2016-07,0.3519377217537934,248,248,1.0
496,2837,22.864768981933594,84.91182708740234,2016-07,0.3557829365975434,248,248,1.0
496,2838,22.864768981933594,85.00518798828125,2016-07,0.3537350594396553,248,248,1.0
496,2839,22.864768981933594,85.09854888916016,2016-07,0.3546818426900333,248,248,1.0
496,2840,22.864768981933594,85.19190979003906,2016-07,0.3476472948227198,248,248,1.0
496,2841,22.864768981933594,85.28527069091797,2016-07,0.35050265725341534,248,248,1.0
496,2842,22.864768981933594,85.37863159179688,2016-07,0.2838597732686227,248,248,1.0
496,2843,22.864768981933594,85.47199249267578,2016-07,0.27955814838529597,248,248,1.0
496,2844,22.864768981933594,85.56535339355469,2016-07,0.2641977158585383,248,248,1.0
496,2845,22.864768981933594,85.6587142944336,2016-07,0.26654843069733153,248,248,1.0
496,2846,22.864768981933594,85.7520751953125,2016-07,0.26902404613792896,248,248,1.0
496,2847,22.864768981933594,85.8454360961914,2016-07,0.2610157659697917,248,248,1.0
496,2848,22.864768981933594,85.93879699707031,2016-07,0.24984227132893377,248,248,1.0
496,2849,22.864768981933594,86.03215789794922,2016-07,0.3609468062077799,248,248,1.0
496,2850,22.864768981933594,86.12551879882812,2016-07,0.3546902104130676,248,248,1.0
496,2851,22.864768981933594,86.21887969970703,2016-07,0.24328726800459047,248,248,1.0
496,2852,22.864768981933594,86.31224060058594,2016-07,0.2365665098712329,248,248,1.0
496,2853,22.864768981933594,86.40560150146484,2016-07,0.23925673276666673,248,248,1.0
497,2831,22.788312911987305,84.3516616821289,2016-07,0.2683141437028685,248,248,1.0
497,2832,22.788312911987305,84.44502258300781,2016-07,0.2642493990039633,248,248,1.0
497,2833,22.788312911987305,84.53838348388672,2016-07,0.26881854500501384,248,248,1.0
497,2834,22.788312911987305,84.63174438476562,2016-07,0.27739201552204545,248,248,1.0
497,2835,22.788312911987305,84.72510528564453,2016-07,0.34395614452660084,248,248,1.0
497,2836,22.788312911987305,84.81846618652344,2016-07,0.35275529751614215,248,248,1.0
497,2837,22.788312911987305,84.91182708740234,2016-07,0.3560826979697712,248,248,1.0
497,2838,22.788312911987305,85.00518798828125,2016-07,0.3516283621110262,248,248,1.0
497,2839,22.788312911987305,85.09854888916016,2016-07,0.35199211195351615,248,248,1.0
497,2840,22.788312911987305,85.19190979003906,2016-07,0.3475948734990051,248,248,1.0
497,2841,22.788312911987305,85.28527069091797,2016-07,0.2840550610975873,248,248,1.0
497,2842,22.788312911987305,85.37863159179688,2016-07,0.2794541671511627,248,248,1.0
497,2843,22.788312911987305,85.47199249267578,2016-07,0.29269350452288506,248,248,1.0
497,2844,22.788312911987305,85.56535339355469,2016-07,0.26910243210412804,248,248,1.0
497,2845,22.788312911987305,85.6587142944336,2016-07,0.3289577393762527,248,248,1.0
497,2846,22.788312911987305,85.7520751953125,2016-07,0.3254656916664493,248,248,1.0
497,2847,22.788312911987305,85.8454360961914,2016-07,0.3220873464860262,248,248,1.0
497,2848,22.788312911987305,85.93879699707031,2016-07,0.2631015440509204,248,248,1.0
497,2849,22.788312911987305,86.03215789794922,2016-07,0.3707008639410619,248,248,1.0
497,2850,22.788312911987305,86.12551879882812,2016-07,0.35757387537629376,248,248,1.0
497,2851,22.788312911987305,86.21887969970703,2016-07,0.344306604395951,248,248,1.0
497,2852,22.788312911987305,86.31224060058594,2016-07,0.2444589953989752,248,248,1.0
497,2853,22.788312911987305,86.40560150146484,2016-07,0.2380923887774829,248,248,1.0
498,2830,22.711898803710938,84.25830078125,2016-07,0.2659017781336461,248,248,1.0
498,2831,22.711898803710938,84.3516616821289,2016-07,0.267587382316349,248,248,1.0
498,2832,22.711898803710938,84.44502258300781,2016-07,0.2670205920754421,248,248,1.0
498,2833,22.711898803710938,84.53838348388672,2016-07,0.27130991151376116,248,248,1.0
498,2834,22.711898803710938,84.63174438476562,2016-07,0.2804379896110585,248,248,1.0
498,2835,22.711898803710938,84.72510528564453,2016-07,0.3437196332961321,248,248,1.0
498,2836,22.711898803710938,84.81846618652344,2016-07,0.3513859442525333,248,248,1.0
498,2837,22.711898803710938,84.91182708740234,2016-07,0.3541962686445444,248,248,1.0
498,2838,22.711898803710938,85.00518798828125,2016-07,0.34912272128126315,248,248,1.0
498,2839,22.711898803710938,85.09854888916016,2016-07,0.28641537432709047,248,248,1.0
498,2840,22.711898803710938,85.19190979003906,2016-07,0.2927681988165263,248,248,1.0
498,2841,22.711898803710938,85.28527069091797,2016-07,0.3201844278843172,248,248,1.0
498,2842,22.711898803710938,85.37863159179688,2016-07,0.30193762349024894,248,248,1.0
498,2843,22.711898803710938,85.47199249267578,2016-07,0.2830873585396236,248,248,1.0
498,2844,22.711898803710938,85.56535339355469,2016-07,0.3466126504804819,248,248,1.0
498,2845,22.711898803710938,85.6587142944336,2016-07,0.3303125721793021,248,248,1.0
498,2846,22.711898803710938,85.7520751953125,2016-07,0.3265591561193428,248,248,1.0
498,2847,22.711898803710938,85.8454360961914,2016-07,0.32456591527067846,248,248,1.0
498,2848,22.711898803710938,85.93879699707031,2016-07,0.38182599782463045,248,248,1.0
498,2849,22.711898803710938,86.03215789794922,2016-07,0.381446250864575,248,248,1.0
498,2850,22.711898803710938,86.12551879882812,2016-07,0.3715044114618532,248,248,1.0
498,2851,22.711898803710938,86.21887969970703,2016-07,0.3561540696649782,248,248,1.0
498,2852,22.711898803710938,86.31224060058594,2016-07,0.3539627106680024,248,248,1.0
498,2853,22.711898803710938,86.40560150146484,2016-07,0.35306441098932295,248,248,1.0
499,2829,22.63552474975586,84.1649398803711,2016-07,0.2356793468878154,248,248,1.0
499,2830,22.63552474975586,84.25830078125,2016-07,0.2307068888518599,248,248,1.0
499,2831,22.63552474975586,84.3516616821289,2016-07,0.23416497333035355,248,248,1.0
499,2832,22.63552474975586,84.44502258300781,2016-07,0.23592760969674395,248,248,1.0
499,2833,22.63552474975586,84.53838348388672,2016-07,0.23314712612679409,248,248,1.0
499,2834,22.63552474975586,84.63174438476562,2016-07,0.24055022270148319,248,248,1.0
499,2835,22.63552474975586,84.72510528564453,2016-07,0.24974456612741755,248,248,1.0
499,2836,22.63552474975586,84.81846618652344,2016-07,0.2524916403776696,248,248,1.0
499,2837,22.63552474975586,84.91182708740234,2016-07,0.2551050771388315,248,248,1.0
499,2838,22.63552474975586,85.00518798828125,2016-07,0.2874313143472518,248,248,1.0
499,2839,22.63552474975586,85.09854888916016,2016-07,0.2879742319064756,248,248,1.0
499,2840,22.63552474975586,85.19190979003906,2016-07,0.2931246884287365,248,248,1.0
499,2841,22.63552474975586,85.28527069091797,2016-07,0.2939395570466595,248,248,1.0
499,2842,22.63552474975586,85.37863159179688,2016-07,0.2909094568101629,248,248,1.0
499,2843,22.63552474975586,85.47199249267578,2016-07,0.349484994466747,248,248,1.0
499,2844,22.63552474975586,85.56535339355469,2016-07,0.34962576910132365,248,248,1.0
499,2845,22.63552474975586,85.6587142944336,2016-07,0.3276427762522813,248,248,1.0
499,2846,22.63552474975586,85.7520751953125,2016-07,0.380053517318541,248,248,1.0
499,2847,22.63552474975586,85.8454360961914,2016-07,0.3804352330945192,248,248,1.0
499,2848,22.63552474975586,85.93879699707031,2016-07,0.38573249393413145,248,248,1.0
499,2849,22.63552474975586,86.03215789794922,2016-07,0.38357608248629876,248,248,1.0
499,2850,22.63552474975586,86.12551879882812,2016-07,0.378333950114827,248,248,1.0
499,2851,22.63552474975586,86.21887969970703,2016-07,0.36484370392657095,248,248,1.0
499,2852,22.63552474975586,86.31224060058594,2016-07,0.35442834984390964,248,248,1.0
499,2853,22.63552474975586,86.40560150146484,2016-07,0.3492526670377101,248,248,1.0
499,2854,22.63552474975586,86.49896240234375,2016-07,0.3498172422330226,248,248,1.0
499,2855,22.63552474975586,86.59232330322266,2016-07,0.2673602233971319,248,248,1.0
500,2828,22.559194564819336,84.07157897949219,2016-07,0.22478161800292232,248,248,1.0
500,2829,22.559194564819336,84.1649398803711,2016-07,0.23698028152988804,248,248,1.0
500,2830,22.559194564819336,84.25830078125,2016-07,0.2375194457089228,248,248,1.0
500,2831,22.559194564819336,84.3516616821289,2016-07,0.23401201633556235,248,248,1.0
500,2832,22.559194564819336,84.44502258300781,2016-07,0.22862283347715293,248,248,1.0
500,2833,22.559194564819336,84.53838348388672,2016-07,0.22981308067157383,248,248,1.0
500,2834,22.559194564819336,84.63174438476562,2016-07,0.23253283675219263,248,248,1.0
500,2835,22.559194564819336,84.72510528564453,2016-07,0.24752367399032077,248,248,1.0
500,2836,22.559194564819336,84.81846618652344,2016-07,0.24898704114340006,248,248,1.0
500,2837,22.559194564819336,84.91182708740234,2016-07,0.24716078547099907,248,248,1.0
500,2838,22.559194564819336,85.00518798828125,2016-07,0.24643390114989974,248,248,1.0
500,2839,22.559194564819336,85.09854888916016,2016-07,0.28753763359160195,248,248,1.0
500,2840,22.559194564819336,85.19190979003906,2016-07,0.2935780221896787,248,248,1.0
500,2841,22.559194564819336,85.28527069091797,2016-07,0.2923888210808077,248,248,1.0
500,2842,22.559194564819336,85.37863159179688,2016-07,0.2914796925840839,248,248,1.0
500,2843,22.559194564819336,85.47199249267578,2016-07,0.3575642771658398,248,248,1.0
500,2844,22.559194564819336,85.56535339355469,2016-07,0.39785830922905474,248,248,1.0
500,2845,22.559194564819336,85.6587142944336,2016-07,0.2636700571184197,248,248,1.0
500,2846,22.559194564819336,85.7520751953125,2016-07,0.27068147093297973,248,248,1.0
500,2847,22.559194564819336,85.8454360961914,2016-07,0.3949020417226899,248,248,1.0
500,2848,22.559194564819336,85.93879699707031,2016-07,0.39269591615565363,248,248,1.0
500,2849,22.559194564819336,86.03215789794922,2016-07,0.3804967604096859,248,248,1.0
500,2850,22.559194564819336,86.12551879882812,2016-07,0.3781985898892726,248,248,1.0
500,2851,22.559194564819336,86.21887969970703,2016-07,0.3693918075052,248,248,1.0
500,2852,22.559194564819336,86.31224060058594,2016-07,0.2464852149808599,248,248,1.0
500,2853,22.559194564819336,86.40560150146484,2016-07,0.23826958737786738,248,248,1.0
500,2854,22.559194564819336,86.49896240234375,2016-07,0.2626090792398299,248,248,1.0
500,2855,22.559194564819336,86.59232330322266,2016-07,0.2696069569717492,248,248,1.0
500,2856,22.559194564819336,86.68568420410156,2016-07,0.2642818855181817,248,248,1.0
501,2829,22.4829044342041,84.1649398803711,2016-07,0.24201205156503186,248,248,1.0
501,2830,22.4829044342041,84.25830078125,2016-07,0.2356826076284051,248,248,1.0
501,2831,22.4829044342041,84.3516616821289,2016-07,0.2316956335919038,248,248,1.0
501,2832,22.4829044342041,84.44502258300781,2016-07,0.22692584694032708,248,248,1.0
501,2833,22.4829044342041,84.53838348388672,2016-07,0.22796652098036102,248,248,1.0
501,2834,22.4829044342041,84.63174438476562,2016-07,0.2371152109736877,248,248,1.0
501,2835,22.4829044342041,84.72510528564453,2016-07,0.2351201242436805,248,248,1.0
501,2836,22.4829044342041,84.81846618652344,2016-07,0.24228621751911217,248,248,1.0
501,2837,22.4829044342041,84.91182708740234,2016-07,0.24832488353093785,248,248,1.0
501,2838,22.4829044342041,85.00518798828125,2016-07,0.2595441541484287,248,248,1.0
501,2839,22.4829044342041,85.09854888916016,2016-07,0.29732577761094414,248,248,1.0
501,2840,22.4829044342041,85.19190979003906,2016-07,0.29741536140922575,248,248,1.0
501,2841,22.4829044342041,85.28527069091797,2016-07,0.291909891991846,248,248,1.0
501,2842,22.4829044342041,85.37863159179688,2016-07,0.2899914683113175,248,248,1.0
501,2843,22.4829044342041,85.47199249267578,2016-07,0.40542642249455374,248,248,1.0
501,2844,22.4829044342041,85.56535339355469,2016-07,0.4024295469205226,248,248,1.0
501,2845,22.4829044342041,85.6587142944336,2016-07,0.2664670916574617,248,248,1.0
501,2846,22.4829044342041,85.7520751953125,2016-07,0.40307583047016976,248,248,1.0
501,2847,22.4829044342041,85.8454360961914,2016-07,0.39801089693942376,248,248,1.0
501,2848,22.4829044342041,85.93879699707031,2016-07,0.39498571895303264,248,248,1.0
501,2850,22.4829044342041,86.12551879882812,2016-07,0.2593520662236598,248,248,1.0
501,2851,22.4829044342041,86.21887969970703,2016-07,0.2593466517545523,248,248,1.0
501,2852,22.4829044342041,86.31224060058594,2016-07,0.2422942161079376,248,248,1.0
501,2853,22.4829044342041,86.40560150146484,2016-07,0.24635059296363784,248,248,1.0
501,2854,22.4829044342041,86.49896240234375,2016-07,0.2668940918219666,248,248,1.0
501,2855,22.4829044342041,86.59232330322266,2016-07,0.2695565044639572,248,248,1.0
501,2856,22.4829044342041,86.68568420410156,2016-07,0.26673485885464376,248,248,1.0
501,2857,22.4829044342041,86.77904510498047,2016-07,0.26547280903304776,248,248,1.0
502,2829,22.406654357910156,84.1649398803711,2016-07,0.24200214565761627,248,248,1.0
502,2830,22.406654357910156,84.25830078125,2016-07,0.23781582301542645,248,248,1.0
502,2831,22.406654357910156,84.3516616821289,2016-07,0.23405705425407616,248,248,1.0
502,2832,22.406654357910156,84.44502258300781,2016-07,0.2266888434908563,248,248,1.0
502,2839,22.406654357910156,85.09854888916016,2016-07,0.294655981804094,248,248,1.0
502,2840,22.406654357910156,85.19190979003906,2016-07,0.2980877325659798,248,248,1.0
502,2841,22.406654357910156,85.28527069091797,2016-07,0.2891089197007879,248,248,1.0
502,2842,22.406654357910156,85.37863159179688,2016-07,0.27839528072264885,248,248,1.0
502,2843,22.406654357910156,85.47199249267578,2016-07,0.3977465755155971,248,248,1.0
502,2844,22.406654357910156,85.56535339355469,2016-07,0.393369025700996,248,248,1.0
502,2845,22.406654357910156,85.6587142944336,2016-07,0.382332245068204,248,248,1.0
502,2846,22.406654357910156,85.7520751953125,2016-07,0.39739562318690363,248,248,1.0
502,2847,22.406654357910156,85.8454360961914,2016-07,0.3909037467693129,248,248,1.0
502,2848,22.406654357910156,85.93879699707031,2016-07,0.3909500153555024,248,248,1.0
502,2852,22.406654357910156,86.31224060058594,2016-07,0.24755480711258226,248,248,1.0
502,2853,22.406654357910156,86.40560150146484,2016-07,0.24648472282194323,248,248,1.0
502,2854,22.406654357910156,86.49896240234375,2016-07,0.2342872895420559,248,248,1.0
502,2855,22.406654357910156,86.59232330322266,2016-07,0.25868314011923726,248,248,1.0
502,2856,22.406654357910156,86.68568420410156,2016-07,0.2655899572756983,248,248,1.0
502,2857,22.406654357910156,86.77904510498047,2016-07,0.26016004317470137,248,248,1.0
503,2839,22.330446243286133,85.09854888916016,2016-07,0.259505023038195,248,248,1.0
503,2840,22.330446243286133,85.19190979003906,2016-07,0.2917627184501579,248,248,1.0
503,2841,22.330446243286133,85.28527069091797,2016-07,0.28670836762795526,248,248,1.0
503,2842,22.330446243286133,85.37863159179688,2016-07,0.2861172126666192,248,248,1.0
503,2843,22.330446243286133,85.47199249267578,2016-07,0.3387504363612783,248,248,1.0
503,2844,22.330446243286133,85.56535339355469,2016-07,0.327604383170124,248,248,1.0
503,2845,22.330446243286133,85.6587142944336,2016-07,0.3227427360872107,248,248,1.0
503,2846,22.330446243286133,85.7520751953125,2016-07,0.3242499106713841,248,248,1.0
503,2847,22.330446243286133,85.8454360961914,2016-07,0.325743057014,248,248,1.0
503,2848,22.330446243286133,85.93879699707031,2016-07,0.3973016093575185,248,248,1.0
503,2853,22.330446243286133,86.40560150146484,2016-07,0.2391494287838859,248,248,1.0
503,2855,22.330446243286133,86.59232330322266,2016-07,0.25991344145469125,248,248,1.0
503,2856,22.330446243286133,86.68568420410156,2016-07,0.2624412321395451,248,248,1.0
503,2857,22.330446243286133,86.77904510498047,2016-07,0.2626752823350891,248,248,1.0
504,2839,22.2542781829834,85.09854888916016,2016-07,0.29409657466796135,248,248,1.0
504,2840,22.2542781829834,85.19190979003906,2016-07,0.3001513606117618,248,248,1.0
504,2841,22.2542781829834,85.28527069091797,2016-07,0.2864817008976975,248,248,1.0
504,2842,22.2542781829834,85.37863159179688,2016-07,0.28117188835336315,248,248,1.0
504,2843,22.2542781829834,85.47199249267578,2016-07,0.3460601346507188,248,248,1.0
504,2844,22.2542781829834,85.56535339355469,2016-07,0.33544247855822884,248,248,1.0
504,2845,22.2542781829834,85.6587142944336,2016-07,0.33188152018814315,248,248,1.0
504,2846,22.2542781829834,85.7520751953125,2016-07,0.33063029948501815,248,248,1.0
504,2847,22.2542781829834,85.8454360961914,2016-07,0.3222414110336573,248,248,1.0
504,2848,22.2542781829834,85.93879699707031,2016-07,0.25680630906454976,248,248,1.0
504,2856,22.2542781829834,86.68568420410156,2016-07,0.2580019089002763,248,248,1.0
504,2857,22.2542781829834,86.77904510498047,2016-07,0.2567435511417927,248,248,1.0
504,2858,22.2542781829834,86.87240600585938,2016-07,0.25728646876110184,248,248,1.0
505,2839,22.178152084350582,85.09854888916016,2016-07,0.2996428983826791,248,248,1.0
505,2840,22.178152084350582,85.19190979003906,2016-07,0.2958700398523961,248,248,1.0
505,2841,22.178152084350582,85.28527069091797,2016-07,0.28148518580823173,248,248,1.0
505,2842,22.178152084350582,85.37863159179688,2016-07,0.28054430906570726,248,248,1.0
505,2843,22.178152084350582,85.47199249267578,2016-07,0.34191811174875303,248,248,1.0
505,2844,22.178152084350582,85.56535339355469,2016-07,0.3362120629678811,248,248,1.0
505,2845,22.178152084350582,85.6587142944336,2016-07,0.33508020537274497,248,248,1.0
505,2846,22.178152084350582,85.7520751953125,2016-07,0.3285770079181079,248,248,1.0
505,2847,22.178152084350582,85.8454360961914,2016-07,0.32771021025555747,248,248,1.0
505,2848,22.178152084350582,85.93879699707031,2016-07,0.266343544567785,248,248,1.0
506,2838,22.10206413269043,85.00518798828125,2016-07,0.2793895634672334,248,248,1.0
506,2839,22.10206413269043,85.09854888916016,2016-07,0.27916560376123073,248,248,1.0
506,2840,22.10206413269043,85.19190979003906,2016-07,0.3061155782591912,248,248,1.0
506,2841,22.10206413269043,85.28527069091797,2016-07,0.27829191467214015,248,248,1.0
506,2844,22.10206413269043,85.56535339355469,2016-07,0.32735827366911596,248,248,1.0
506,2845,22.10206413269043,85.6587142944336,2016-07,0.3249515688587581,248,248,1.0
506,2846,22.10206413269043,85.7520751953125,2016-07,0.3241433452574476,248,248,1.0
506,2847,22.10206413269043,85.8454360961914,2016-07,0.3241364541914194,248,248,1.0
506,2848,22.10206413269043,85.93879699707031,2016-07,0.3218739696087376,248,248,1.0
507,2847,22.026018142700195,85.8454360961914,2016-07,0.3258299337279412,248,248,1.0
507,2848,22.026018142700195,85.93879699707031,2016-07,0.3318628158660666,248,248,1.0
