row,col,latitude,longitude
465,2865,25.256832122802734,87.52593994140625
465,2866,25.256832122802734,87.61930084228516
466,2863,25.178972244262695,87.3392105102539
466,2864,25.178972244262695,87.43257904052734
466,2865,25.178972244262695,87.52593994140625
466,2866,25.178972244262695,87.61930084228516
466,2867,25.178972244262695,87.71266174316406
467,2862,25.101160049438477,87.245849609375
467,2863,25.101160049438477,87.3392105102539
467,2864,25.101160049438477,87.43257904052734
467,2865,25.101160049438477,87.52593994140625
467,2866,25.101160049438477,87.61930084228516
467,2867,25.101160049438477,87.71266174316406
468,2861,25.02339744567871,87.1524887084961
468,2862,25.02339744567871,87.245849609375
468,2863,25.02339744567871,87.3392105102539
468,2864,25.02339744567871,87.43257904052734
468,2865,25.02339744567871,87.52593994140625
468,2866,25.02339744567871,87.61930084228516
468,2867,25.02339744567871,87.71266174316406
468,2868,25.02339744567871,87.80602264404297
469,2861,24.94568252563477,87.1524887084961
469,2862,24.94568252563477,87.245849609375
469,2863,24.94568252563477,87.3392105102539
469,2864,24.94568252563477,87.43257904052734
469,2865,24.94568252563477,87.52593994140625
469,2866,24.94568252563477,87.61930084228516
469,2867,24.94568252563477,87.71266174316406
469,2868,24.94568252563477,87.80602264404297
469,2869,24.94568252563477,87.89938354492188
470,2861,24.86801528930664,87.1524887084961
470,2862,24.86801528930664,87.245849609375
470,2863,24.86801528930664,87.3392105102539
470,2864,24.86801528930664,87.43257904052734
470,2865,24.86801528930664,87.52593994140625
470,2866,24.86801528930664,87.61930084228516
470,2867,24.86801528930664,87.71266174316406
470,2868,24.86801528930664,87.80602264404297
470,2869,24.86801528930664,87.89938354492188
471,2846,24.79039764404297,85.7520751953125
471,2847,24.79039764404297,85.8454360961914
471,2861,24.79039764404297,87.1524887084961
471,2862,24.79039764404297,87.245849609375
471,2863,24.79039764404297,87.3392105102539
471,2864,24.79039764404297,87.43257904052734
471,2865,24.79039764404297,87.52593994140625
471,2866,24.79039764404297,87.61930084228516
471,2867,24.79039764404297,87.71266174316406
471,2868,24.79039764404297,87.80602264404297
472,2846,24.712825775146484,85.7520751953125
472,2847,24.712825775146484,85.8454360961914
472,2848,24.712825775146484,85.93879699707031
472,2849,24.712825775146484,86.03215789794922
472,2861,24.712825775146484,87.1524887084961
472,2862,24.712825775146484,87.245849609375
472,2863,24.712825775146484,87.3392105102539
472,2864,24.712825775146484,87.43257904052734
472,2865,24.712825775146484,87.52593994140625
472,2866,24.712825775146484,87.61930084228516
472,2867,24.712825775146484,87.71266174316406
472,2868,24.712825775146484,87.80602264404297
472,2869,24.712825775146484,87.89938354492188
473,2846,24.63530158996582,85.7520751953125
473,2847,24.63530158996582,85.8454360961914
473,2848,24.63530158996582,85.93879699707031
473,2849,24.63530158996582,86.03215789794922
473,2860,24.63530158996582,87.05912780761719
473,2861,24.63530158996582,87.1524887084961
473,2862,24.63530158996582,87.245849609375
473,2863,24.63530158996582,87.3392105102539
473,2864,24.63530158996582,87.43257904052734
473,2865,24.63530158996582,87.52593994140625
473,2866,24.63530158996582,87.61930084228516
473,2867,24.63530158996582,87.71266174316406
473,2868,24.63530158996582,87.80602264404297
473,2869,24.63530158996582,87.89938354492188
474,2827,24.557823181152344,83.97821807861328
474,2828,24.557823181152344,84.07157897949219
474,2844,24.557823181152344,85.56535339355469
474,2845,24.557823181152344,85.6587142944336
474,2846,24.557823181152344,85.7520751953125
474,2847,24.557823181152344,85.8454360961914
474,2848,24.557823181152344,85.93879699707031
474,2849,24.557823181152344,86.03215789794922
474,2850,24.557823181152344,86.12551879882812
474,2851,24.557823181152344,86.21887969970703
474,2855,24.557823181152344,86.59232330322266
474,2856,24.557823181152344,86.68568420410156
474,2857,24.557823181152344,86.77904510498047
474,2858,24.557823181152344,86.87240600585938
474,2859,24.557823181152344,86.96576690673828
474,2860,24.557823181152344,87.05912780761719
474,2861,24.557823181152344,87.1524887084961
474,2862,24.557823181152344,87.245849609375
474,2863,24.557823181152344,87.3392105102539
474,2864,24.557823181152344,87.43257904052734
474,2865,24.557823181152344,87.52593994140625
474,2866,24.557823181152344,87.61930084228516
474,2867,24.557823181152344,87.71266174316406
475,2821,24.480392456054688,83.41805267333984
475,2822,24.480392456054688,83.51141357421875
475,2823,24.480392456054688,83.60477447509766
475,2824,24.480392456054688,83.69813537597656
475,2825,24.480392456054688,83.79149627685547
475,2826,24.480392456054688,83.88485717773438
475,2827,24.480392456054688,83.97821807861328
475,2828,24.480392456054688,84.07157897949219
475,2829,24.480392456054688,84.1649398803711
475,2830,24.480392456054688,84.25830078125
475,2836,24.480392456054688,84.81846618652344
475,2841,24.480392456054688,85.28527069091797
475,2842,24.480392456054688,85.37863159179688
475,2843,24.480392456054688,85.47199249267578
475,2844,24.480392456054688,85.56535339355469
475,2845,24.480392456054688,85.6587142944336
475,2846,24.480392456054688,85.7520751953125
475,2847,24.480392456054688,85.8454360961914
475,2848,24.480392456054688,85.93879699707031
475,2849,24.480392456054688,86.03215789794922
475,2850,24.480392456054688,86.12551879882812
475,2851,24.480392456054688,86.21887969970703
475,2854,24.480392456054688,86.49896240234375
475,2855,24.480392456054688,86.59232330322266
475,2856,24.480392456054688,86.68568420410156
475,2857,24.480392456054688,86.77904510498047
475,2858,24.480392456054688,86.87240600585938
475,2859,24.480392456054688,86.96576690673828
475,2860,24.480392456054688,87.05912780761719
475,2861,24.480392456054688,87.1524887084961
475,2862,24.480392456054688,87.245849609375
475,2863,24.480392456054688,87.3392105102539
475,2864,24.480392456054688,87.43257904052734
475,2865,24.480392456054688,87.52593994140625
475,2866,24.480392456054688,87.61930084228516
475,2867,24.480392456054688,87.71266174316406
475,2868,24.480392456054688,87.80602264404297
476,2822,24.40300941467285,83.51141357421875
476,2823,24.40300941467285,83.60477447509766
476,2824,24.40300941467285,83.69813537597656
476,2825,24.40300941467285,83.79149627685547
476,2826,24.40300941467285,83.88485717773438
476,2827,24.40300941467285,83.97821807861328
476,2828,24.40300941467285,84.07157897949219
476,2829,24.40300941467285,84.1649398803711
476,2830,24.40300941467285,84.25830078125
476,2835,24.40300941467285,84.72510528564453
476,2836,24.40300941467285,84.81846618652344
476,2838,24.40300941467285,85.00518798828125
476,2840,24.40300941467285,85.19190979003906
476,2841,24.40300941467285,85.28527069091797
476,2842,24.40300941467285,85.37863159179688
476,2843,24.40300941467285,85.47199249267578
476,2844,24.40300941467285,85.56535339355469
476,2845,24.40300941467285,85.6587142944336
476,2846,24.40300941467285,85.7520751953125
476,2847,24.40300941467285,85.8454360961914
476,2848,24.40300941467285,85.93879699707031
476,2849,24.40300941467285,86.03215789794922
476,2850,24.40300941467285,86.12551879882812
476,2851,24.40300941467285,86.21887969970703
476,2852,24.40300941467285,86.31224060058594
476,2854,24.40300941467285,86.49896240234375
476,2855,24.40300941467285,86.59232330322266
476,2856,24.40300941467285,86.68568420410156
476,2857,24.40300941467285,86.77904510498047
476,2858,24.40300941467285,86.87240600585938
476,2859,24.40300941467285,86.96576690673828
476,2860,24.40300941467285,87.05912780761719
476,2861,24.40300941467285,87.1524887084961
476,2862,24.40300941467285,87.245849609375
476,2863,24.40300941467285,87.3392105102539
476,2864,24.40300941467285,87.43257904052734
476,2865,24.40300941467285,87.52593994140625
476,2866,24.40300941467285,87.61930084228516
476,2867,24.40300941467285,87.71266174316406
477,2821,24.325672149658203,83.41805267333984
477,2822,24.325672149658203,83.51141357421875
477,2823,24.325672149658203,83.60477447509766
477,2824,24.325672149658203,83.69813537597656
477,2825,24.325672149658203,83.79149627685547
477,2826,24.325672149658203,83.88485717773438
477,2827,24.325672149658203,83.97821807861328
477,2828,24.325672149658203,84.07157897949219
477,2829,24.325672149658203,84.1649398803711
477,2830,24.325672149658203,84.25830078125
477,2831,24.325672149658203,84.3516616821289
477,2832,24.325672149658203,84.44502258300781
477,2833,24.325672149658203,84.53838348388672
477,2834,24.325672149658203,84.63174438476562
477,2835,24.325672149658203,84.72510528564453
477,2836,24.325672149658203,84.81846618652344
477,2837,24.325672149658203,84.91182708740234
477,2838,24.325672149658203,85.00518798828125
477,2839,24.325672149658203,85.09854888916016
477,2840,24.325672149658203,85.19190979003906
477,2841,24.325672149658203,85.28527069091797
477,2842,24.325672149658203,85.37863159179688
477,2843,24.325672149658203,85.47199249267578
477,2844,24.325672149658203,85.56535339355469
477,2845,24.325672149658203,85.6587142944336
477,2846,24.325672149658203,85.7520751953125
477,2847,24.325672149658203,85.8454360961914
477,2848,24.325672149658203,85.93879699707031
477,2849,24.325672149658203,86.03215789794922
477,2850,24.325672149658203,86.12551879882812
477,2851,24.325672149658203,86.21887969970703
477,2852,24.325672149658203,86.31224060058594
477,2853,24.325672149658203,86.40560150146484
477,2854,24.325672149658203,86.49896240234375
477,2855,24.325672149658203,86.59232330322266
477,2856,24.325672149658203,86.68568420410156
477,2857,24.325672149658203,86.77904510498047
477,2858,24.325672149658203,86.87240600585938
477,2859,24.325672149658203,86.96576690673828
477,2860,24.325672149658203,87.05912780761719
477,2861,24.325672149658203,87.1524887084961
477,2862,24.325672149658203,87.245849609375
477,2863,24.325672149658203,87.3392105102539
477,2864,24.325672149658203,87.43257904052734
477,2865,24.325672149658203,87.52593994140625
477,2866,24.325672149658203,87.61930084228516
477,2867,24.325672149658203,87.71266174316406
478,2821,24.248380661010746,83.41805267333984
478,2822,24.248380661010746,83.51141357421875
478,2823,24.248380661010746,83.60477447509766
478,2824,24.248380661010746,83.69813537597656
478,2825,24.248380661010746,83.79149627685547
478,2826,24.248380661010746,83.88485717773438
478,2827,24.248380661010746,83.97821807861328
478,2828,24.248380661010746,84.07157897949219
478,2829,24.248380661010746,84.1649398803711
478,2830,24.248380661010746,84.25830078125
478,2831,24.248380661010746,84.3516616821289
478,2832,24.248380661010746,84.44502258300781
478,2833,24.248380661010746,84.53838348388672
478,2834,24.248380661010746,84.63174438476562
478,2835,24.248380661010746,84.72510528564453
478,2836,24.248380661010746,84.81846618652344
478,2837,24.248380661010746,84.91182708740234
478,2838,24.248380661010746,85.00518798828125
478,2839,24.248380661010746,85.09854888916016
478,2840,24.248380661010746,85.19190979003906
478,2841,24.248380661010746,85.28527069091797
478,2842,24.248380661010746,85.37863159179688
478,2843,24.248380661010746,85.47199249267578
478,2844,24.248380661010746,85.56535339355469
478,2845,24.248380661010746,85.6587142944336
478,2846,24.248380661010746,85.7520751953125
478,2847,24.248380661010746,85.8454360961914
478,2848,24.248380661010746,85.93879699707031
478,2849,24.248380661010746,86.03215789794922
478,2850,24.248380661010746,86.12551879882812
478,2851,24.248380661010746,86.21887969970703
478,2852,24.248380661010746,86.31224060058594
478,2853,24.248380661010746,86.40560150146484
478,2854,24.248380661010746,86.49896240234375
478,2855,24.248380661010746,86.59232330322266
478,2856,24.248380661010746,86.68568420410156
478,2857,24.248380661010746,86.77904510498047
478,2858,24.248380661010746,86.87240600585938
478,2859,24.248380661010746,86.96576690673828
478,2860,24.248380661010746,87.05912780761719
478,2861,24.248380661010746,87.1524887084961
478,2862,24.248380661010746,87.245849609375
478,2863,24.248380661010746,87.3392105102539
478,2864,24.248380661010746,87.43257904052734
478,2865,24.248380661010746,87.52593994140625
478,2866,24.248380661010746,87.61930084228516
479,2821,24.17113494873047,83.41805267333984
479,2822,24.17113494873047,83.51141357421875
479,2823,24.17113494873047,83.60477447509766
479,2824,24.17113494873047,83.69813537597656
479,2825,24.17113494873047,83.79149627685547
479,2826,24.17113494873047,83.88485717773438
479,2827,24.17113494873047,83.97821807861328
479,2828,24.17113494873047,84.07157897949219
479,2829,24.17113494873047,84.1649398803711
479,2830,24.17113494873047,84.25830078125
479,2831,24.17113494873047,84.3516616821289
479,2832,24.17113494873047,84.44502258300781
479,2833,24.17113494873047,84.53838348388672
479,2834,24.17113494873047,84.63174438476562
479,2835,24.17113494873047,84.72510528564453
479,2836,24.17113494873047,84.81846618652344
479,2837,24.17113494873047,84.91182708740234
479,2838,24.17113494873047,85.00518798828125
479,2839,24.17113494873047,85.09854888916016
479,2840,24.17113494873047,85.19190979003906
479,2841,24.17113494873047,85.28527069091797
479,2842,24.17113494873047,85.37863159179688
479,2843,24.17113494873047,85.47199249267578
479,2844,24.17113494873047,85.56535339355469
479,2845,24.17113494873047,85.6587142944336
479,2846,24.17113494873047,85.7520751953125
479,2847,24.17113494873047,85.8454360961914
479,2848,24.17113494873047,85.93879699707031
479,2849,24.17113494873047,86.03215789794922
479,2850,24.17113494873047,86.12551879882812
479,2851,24.17113494873047,86.21887969970703
479,2852,24.17113494873047,86.31224060058594
479,2853,24.17113494873047,86.40560150146484
479,2854,24.17113494873047,86.49896240234375
479,2855,24.17113494873047,86.59232330322266
479,2856,24.17113494873047,86.68568420410156
479,2857,24.17113494873047,86.77904510498047
479,2858,24.17113494873047,86.87240600585938
479,2859,24.17113494873047,86.96576690673828
479,2860,24.17113494873047,87.05912780761719
479,2861,24.17113494873047,87.1524887084961
479,2862,24.17113494873047,87.245849609375
479,2863,24.17113494873047,87.3392105102539
479,2864,24.17113494873047,87.43257904052734
479,2865,24.17113494873047,87.52593994140625
479,2866,24.17113494873047,87.61930084228516
480,2821,24.093935012817383,83.41805267333984
480,2822,24.093935012817383,83.51141357421875
480,2823,24.093935012817383,83.60477447509766
480,2824,24.093935012817383,83.69813537597656
480,2825,24.093935012817383,83.79149627685547
480,2826,24.093935012817383,83.88485717773438
480,2827,24.093935012817383,83.97821807861328
480,2828,24.093935012817383,84.07157897949219
480,2829,24.093935012817383,84.1649398803711
480,2830,24.093935012817383,84.25830078125
480,2831,24.093935012817383,84.3516616821289
480,2832,24.093935012817383,84.44502258300781
480,2833,24.093935012817383,84.53838348388672
480,2834,24.093935012817383,84.63174438476562
480,2835,24.093935012817383,84.72510528564453
480,2836,24.093935012817383,84.81846618652344
480,2837,24.093935012817383,84.91182708740234
480,2838,24.093935012817383,85.00518798828125
480,2839,24.093935012817383,85.09854888916016
480,2840,24.093935012817383,85.19190979003906
480,2841,24.093935012817383,85.28527069091797
480,2842,24.093935012817383,85.37863159179688
480,2843,24.093935012817383,85.47199249267578
480,2844,24.093935012817383,85.56535339355469
480,2845,24.093935012817383,85.6587142944336
480,2846,24.093935012817383,85.7520751953125
480,2847,24.093935012817383,85.8454360961914
480,2848,24.093935012817383,85.93879699707031
480,2849,24.093935012817383,86.03215789794922
480,2850,24.093935012817383,86.12551879882812
480,2851,24.093935012817383,86.21887969970703
480,2852,24.093935012817383,86.31224060058594
480,2853,24.093935012817383,86.40560150146484
480,2854,24.093935012817383,86.49896240234375
480,2855,24.093935012817383,86.59232330322266
480,2856,24.093935012817383,86.68568420410156
480,2857,24.093935012817383,86.77904510498047
480,2858,24.093935012817383,86.87240600585938
480,2859,24.093935012817383,86.96576690673828
480,2860,24.093935012817383,87.05912780761719
480,2861,24.093935012817383,87.1524887084961
480,2862,24.093935012817383,87.245849609375
480,2863,24.093935012817383,87.3392105102539
480,2864,24.093935012817383,87.43257904052734
481,2823,24.01677894592285,83.60477447509766
481,2824,24.01677894592285,83.69813537597656
481,2825,24.01677894592285,83.79149627685547
481,2826,24.01677894592285,83.88485717773438
481,2827,24.01677894592285,83.97821807861328
481,2828,24.01677894592285,84.07157897949219
481,2829,24.01677894592285,84.1649398803711
481,2830,24.01677894592285,84.25830078125
481,2831,24.01677894592285,84.3516616821289
481,2832,24.01677894592285,84.44502258300781
481,2833,24.01677894592285,84.53838348388672
481,2834,24.01677894592285,84.63174438476562
481,2835,24.01677894592285,84.72510528564453
481,2836,24.01677894592285,84.81846618652344
481,2837,24.01677894592285,84.91182708740234
481,2838,24.01677894592285,85.00518798828125
481,2839,24.01677894592285,85.09854888916016
481,2840,24.01677894592285,85.19190979003906
481,2841,24.01677894592285,85.28527069091797
481,2842,24.01677894592285,85.37863159179688
481,2843,24.01677894592285,85.47199249267578
481,2844,24.01677894592285,85.56535339355469
481,2845,24.01677894592285,85.6587142944336
481,2846,24.01677894592285,85.7520751953125
481,2847,24.01677894592285,85.8454360961914
481,2848,24.01677894592285,85.93879699707031
481,2849,24.01677894592285,86.03215789794922
481,2850,24.01677894592285,86.12551879882812
481,2851,24.01677894592285,86.21887969970703
481,2852,24.01677894592285,86.31224060058594
481,2853,24.01677894592285,86.40560150146484
481,2854,24.01677894592285,86.49896240234375
481,2855,24.01677894592285,86.59232330322266
481,2856,24.01677894592285,86.68568420410156
481,2857,24.01677894592285,86.77904510498047
481,2858,24.01677894592285,86.87240600585938
481,2859,24.01677894592285,86.96576690673828
481,2860,24.01677894592285,87.05912780761719
481,2861,24.01677894592285,87.1524887084961
481,2863,24.01677894592285,87.3392105102539
481,2864,24.01677894592285,87.43257904052734
482,2823,23.93967056274414,83.60477447509766
482,2824,23.93967056274414,83.69813537597656
482,2825,23.93967056274414,83.79149627685547
482,2826,23.93967056274414,83.88485717773438
482,2827,23.93967056274414,83.97821807861328
482,2828,23.93967056274414,84.07157897949219
482,2829,23.93967056274414,84.1649398803711
482,2830,23.93967056274414,84.25830078125
482,2831,23.93967056274414,84.3516616821289
482,2832,23.93967056274414,84.44502258300781
482,2833,23.93967056274414,84.53838348388672
482,2834,23.93967056274414,84.63174438476562
482,2835,23.93967056274414,84.72510528564453
482,2836,23.93967056274414,84.81846618652344
482,2837,23.93967056274414,84.91182708740234
482,2838,23.93967056274414,85.00518798828125
482,2839,23.93967056274414,85.09854888916016
482,2840,23.93967056274414,85.19190979003906
482,2841,23.93967056274414,85.28527069091797
482,2842,23.93967056274414,85.37863159179688
482,2843,23.93967056274414,85.47199249267578
482,2844,23.93967056274414,85.56535339355469
482,2845,23.93967056274414,85.6587142944336
482,2846,23.93967056274414,85.7520751953125
482,2847,23.93967056274414,85.8454360961914
482,2848,23.93967056274414,85.93879699707031
482,2849,23.93967056274414,86.03215789794922
482,2850,23.93967056274414,86.12551879882812
482,2851,23.93967056274414,86.21887969970703
482,2852,23.93967056274414,86.31224060058594
482,2853,23.93967056274414,86.40560150146484
482,2854,23.93967056274414,86.49896240234375
482,2855,23.93967056274414,86.59232330322266
482,2856,23.93967056274414,86.68568420410156
482,2857,23.93967056274414,86.77904510498047
482,2858,23.93967056274414,86.87240600585938
482,2859,23.93967056274414,86.96576690673828
482,2860,23.93967056274414,87.05912780761719
482,2861,23.93967056274414,87.1524887084961
482,2862,23.93967056274414,87.245849609375
483,2823,23.862606048583984,83.60477447509766
483,2824,23.862606048583984,83.69813537597656
483,2825,23.862606048583984,83.79149627685547
483,2826,23.862606048583984,83.88485717773438
483,2827,23.862606048583984,83.97821807861328
483,2828,23.862606048583984,84.07157897949219
483,2829,23.862606048583984,84.1649398803711
483,2830,23.862606048583984,84.25830078125
483,2831,23.862606048583984,84.3516616821289
483,2832,23.862606048583984,84.44502258300781
483,2833,23.862606048583984,84.53838348388672
483,2834,23.862606048583984,84.63174438476562
483,2835,23.862606048583984,84.72510528564453
483,2836,23.862606048583984,84.81846618652344
483,2837,23.862606048583984,84.91182708740234
483,2838,23.862606048583984,85.00518798828125
483,2839,23.862606048583984,85.09854888916016
483,2840,23.862606048583984,85.19190979003906
483,2841,23.862606048583984,85.28527069091797
483,2842,23.862606048583984,85.37863159179688
483,2843,23.862606048583984,85.47199249267578
483,2844,23.862606048583984,85.56535339355469
483,2845,23.862606048583984,85.6587142944336
483,2846,23.862606048583984,85.7520751953125
483,2847,23.862606048583984,85.8454360961914
483,2848,23.862606048583984,85.93879699707031
483,2849,23.862606048583984,86.03215789794922
483,2850,23.862606048583984,86.12551879882812
483,2851,23.862606048583984,86.21887969970703
483,2852,23.862606048583984,86.31224060058594
483,2853,23.862606048583984,86.40560150146484
483,2854,23.862606048583984,86.49896240234375
483,2855,23.862606048583984,86.59232330322266
483,2856,23.862606048583984,86.68568420410156
483,2857,23.862606048583984,86.77904510498047
483,2858,23.862606048583984,86.87240600585938
483,2860,23.862606048583984,87.05912780761719
483,2862,23.862606048583984,87.245849609375
484,2825,23.785587310791016,83.79149627685547
484,2826,23.785587310791016,83.88485717773438
484,2827,23.785587310791016,83.97821807861328
484,2828,23.785587310791016,84.07157897949219
484,2829,23.785587310791016,84.1649398803711
484,2830,23.785587310791016,84.25830078125
484,2831,23.785587310791016,84.3516616821289
484,2832,23.785587310791016,84.44502258300781
484,2833,23.785587310791016,84.53838348388672
484,2834,23.785587310791016,84.63174438476562
484,2835,23.785587310791016,84.72510528564453
484,2836,23.785587310791016,84.81846618652344
484,2837,23.785587310791016,84.91182708740234
484,2838,23.785587310791016,85.00518798828125
484,2839,23.785587310791016,85.09854888916016
484,2840,23.785587310791016,85.19190979003906
484,2841,23.785587310791016,85.28527069091797
484,2842,23.785587310791016,85.37863159179688
484,2843,23.785587310791016,85.47199249267578
484,2844,23.785587310791016,85.56535339355469
484,2845,23.785587310791016,85.6587142944336
484,2846,23.785587310791016,85.7520751953125
484,2847,23.785587310791016,85.8454360961914
484,2848,23.785587310791016,85.93879699707031
484,2849,23.785587310791016,86.03215789794922
484,2850,23.785587310791016,86.12551879882812
484,2851,23.785587310791016,86.21887969970703
484,2852,23.785587310791016,86.31224060058594
484,2853,23.785587310791016,86.40560150146484
484,2854,23.785587310791016,86.49896240234375
484,2855,23.785587310791016,86.59232330322266
484,2856,23.785587310791016,86.68568420410156
484,2857,23.785587310791016,86.77904510498047
485,2825,23.70861053466797,83.79149627685547
485,2826,23.70861053466797,83.88485717773438
485,2827,23.70861053466797,83.97821807861328
485,2828,23.70861053466797,84.07157897949219
485,2829,23.70861053466797,84.1649398803711
485,2830,23.70861053466797,84.25830078125
485,2831,23.70861053466797,84.3516616821289
485,2832,23.70861053466797,84.44502258300781
485,2833,23.70861053466797,84.53838348388672
485,2834,23.70861053466797,84.63174438476562
485,2835,23.70861053466797,84.72510528564453
485,2836,23.70861053466797,84.81846618652344
485,2837,23.70861053466797,84.91182708740234
485,2838,23.70861053466797,85.00518798828125
485,2839,23.70861053466797,85.09854888916016
485,2840,23.70861053466797,85.19190979003906
485,2841,23.70861053466797,85.28527069091797
485,2842,23.70861053466797,85.37863159179688
485,2843,23.70861053466797,85.47199249267578
485,2844,23.70861053466797,85.56535339355469
485,2845,23.70861053466797,85.6587142944336
485,2846,23.70861053466797,85.7520751953125
485,2847,23.70861053466797,85.8454360961914
485,2848,23.70861053466797,85.93879699707031
485,2849,23.70861053466797,86.03215789794922
485,2850,23.70861053466797,86.12551879882812
485,2851,23.70861053466797,86.21887969970703
485,2852,23.70861053466797,86.31224060058594
485,2853,23.70861053466797,86.40560150146484
485,2854,23.70861053466797,86.49896240234375
485,2855,23.70861053466797,86.59232330322266
485,2856,23.70861053466797,86.68568420410156
485,2857,23.70861053466797,86.77904510498047
486,2825,23.631681442260746,83.79149627685547
486,2826,23.631681442260746,83.88485717773438
486,2827,23.631681442260746,83.97821807861328
486,2828,23.631681442260746,84.07157897949219
486,2829,23.631681442260746,84.1649398803711
486,2830,23.631681442260746,84.25830078125
486,2831,23.631681442260746,84.3516616821289
486,2832,23.631681442260746,84.44502258300781
486,2833,23.631681442260746,84.53838348388672
486,2834,23.631681442260746,84.63174438476562
486,2835,23.631681442260746,84.72510528564453
486,2836,23.631681442260746,84.81846618652344
486,2837,23.631681442260746,84.91182708740234
486,2838,23.631681442260746,85.00518798828125
486,2839,23.631681442260746,85.09854888916016
486,2840,23.631681442260746,85.19190979003906
486,2841,23.631681442260746,85.28527069091797
486,2842,23.631681442260746,85.37863159179688
486,2843,23.631681442260746,85.47199249267578
486,2844,23.631681442260746,85.56535339355469
486,2845,23.631681442260746,85.6587142944336
486,2846,23.631681442260746,85.7520751953125
486,2847,23.631681442260746,85.8454360961914
486,2848,23.631681442260746,85.93879699707031
486,2849,23.631681442260746,86.03215789794922
486,2850,23.631681442260746,86.12551879882812
486,2851,23.631681442260746,86.21887969970703
486,2852,23.631681442260746,86.31224060058594
486,2853,23.631681442260746,86.40560150146484
487,2828,23.55479431152344,84.07157897949219
487,2829,23.55479431152344,84.1649398803711
487,2830,23.55479431152344,84.25830078125
487,2831,23.55479431152344,84.3516616821289
487,2832,23.55479431152344,84.44502258300781
487,2833,23.55479431152344,84.53838348388672
487,2834,23.55479431152344,84.63174438476562
487,2835,23.55479431152344,84.72510528564453
487,2836,23.55479431152344,84.81846618652344
487,2837,23.55479431152344,84.91182708740234
487,2838,23.55479431152344,85.00518798828125
487,2839,23.55479431152344,85.09854888916016
487,2840,23.55479431152344,85.19190979003906
487,2841,23.55479431152344,85.28527069091797
487,2842,23.55479431152344,85.37863159179688
487,2843,23.55479431152344,85.47199249267578
487,2844,23.55479431152344,85.56535339355469
487,2845,23.55479431152344,85.6587142944336
487,2846,23.55479431152344,85.7520751953125
487,2847,23.55479431152344,85.8454360961914
487,2848,23.55479431152344,85.93879699707031
487,2851,23.55479431152344,86.21887969970703
487,2852,23.55479431152344,86.31224060058594
488,2828,23.47795295715332,84.07157897949219
488,2829,23.47795295715332,84.1649398803711
488,2830,23.47795295715332,84.25830078125
488,2831,23.47795295715332,84.3516616821289
488,2832,23.47795295715332,84.44502258300781
488,2833,23.47795295715332,84.53838348388672
488,2834,23.47795295715332,84.63174438476562
488,2835,23.47795295715332,84.72510528564453
488,2836,23.47795295715332,84.81846618652344
488,2837,23.47795295715332,84.91182708740234
488,2838,23.47795295715332,85.00518798828125
488,2839,23.47795295715332,85.09854888916016
488,2840,23.47795295715332,85.19190979003906
488,2841,23.47795295715332,85.28527069091797
488,2842,23.47795295715332,85.37863159179688
488,2843,23.47795295715332,85.47199249267578
488,2844,23.47795295715332,85.56535339355469
488,2845,23.47795295715332,85.6587142944336
488,2846,23.47795295715332,85.7520751953125
488,2847,23.47795295715332,85.8454360961914
488,2848,23.47795295715332,85.93879699707031
488,2851,23.47795295715332,86.21887969970703
488,2852,23.47795295715332,86.31224060058594
489,2827,23.401153564453125,83.97821807861328
489,2828,23.401153564453125,84.07157897949219
489,2829,23.401153564453125,84.1649398803711
489,2830,23.401153564453125,84.25830078125
489,2831,23.401153564453125,84.3516616821289
489,2832,23.401153564453125,84.44502258300781
489,2833,23.401153564453125,84.53838348388672
489,2834,23.401153564453125,84.63174438476562
489,2835,23.401153564453125,84.72510528564453
489,2836,23.401153564453125,84.81846618652344
489,2837,23.401153564453125,84.91182708740234
489,2838,23.401153564453125,85.00518798828125
489,2839,23.401153564453125,85.09854888916016
489,2840,23.401153564453125,85.19190979003906
489,2841,23.401153564453125,85.28527069091797
489,2842,23.401153564453125,85.37863159179688
489,2843,23.401153564453125,85.47199249267578
489,2844,23.401153564453125,85.56535339355469
489,2845,23.401153564453125,85.6587142944336
489,2846,23.401153564453125,85.7520751953125
489,2847,23.401153564453125,85.8454360961914
490,2828,23.324398040771484,84.07157897949219
490,2829,23.324398040771484,84.1649398803711
490,2830,23.324398040771484,84.25830078125
490,2831,23.324398040771484,84.3516616821289
490,2832,23.324398040771484,84.44502258300781
490,2833,23.324398040771484,84.53838348388672
490,2834,23.324398040771484,84.63174438476562
490,2835,23.324398040771484,84.72510528564453
490,2836,23.324398040771484,84.81846618652344
490,2837,23.324398040771484,84.91182708740234
490,2838,23.324398040771484,85.00518798828125
490,2839,23.324398040771484,85.09854888916016
490,2840,23.324398040771484,85.19190979003906
490,2841,23.324398040771484,85.28527069091797
490,2842,23.324398040771484,85.37863159179688
490,2843,23.324398040771484,85.47199249267578
490,2844,23.324398040771484,85.56535339355469
490,2845,23.324398040771484,85.6587142944336
490,2846,23.324398040771484,85.7520751953125
490,2847,23.324398040771484,85.8454360961914
491,2828,23.2476863861084,84.07157897949219
491,2829,23.2476863861084,84.1649398803711
491,2830,23.2476863861084,84.25830078125
491,2831,23.2476863861084,84.3516616821289
491,2832,23.2476863861084,84.44502258300781
491,2833,23.2476863861084,84.53838348388672
491,2834,23.2476863861084,84.63174438476562
491,2835,23.2476863861084,84.72510528564453
491,2836,23.2476863861084,84.81846618652344
491,2837,23.2476863861084,84.91182708740234
491,2838,23.2476863861084,85.00518798828125
491,2839,23.2476863861084,85.09854888916016
491,2840,23.2476863861084,85.19190979003906
491,2841,23.2476863861084,85.28527069091797
491,2842,23.2476863861084,85.37863159179688
491,2843,23.2476863861084,85.47199249267578
491,2844,23.2476863861084,85.56535339355469
491,2845,23.2476863861084,85.6587142944336
491,2846,23.2476863861084,85.7520751953125
492,2828,23.17101669311523,84.07157897949219
492,2829,23.17101669311523,84.1649398803711
492,2830,23.17101669311523,84.25830078125
492,2831,23.17101669311523,84.3516616821289
492,2832,23.17101669311523,84.44502258300781
492,2833,23.17101669311523,84.53838348388672
492,2834,23.17101669311523,84.63174438476562
492,2835,23.17101669311523,84.72510528564453
492,2836,23.17101669311523,84.81846618652344
492,2837,23.17101669311523,84.91182708740234
492,2838,23.17101669311523,85.00518798828125
492,2839,23.17101669311523,85.09854888916016
492,2840,23.17101669311523,85.19190979003906
492,2841,23.17101669311523,85.28527069091797
492,2842,23.17101669311523,85.37863159179688
492,2843,23.17101669311523,85.47199249267578
492,2844,23.17101669311523,85.56535339355469
492,2845,23.17101669311523,85.6587142944336
492,2846,23.17101669311523,85.7520751953125
492,2847,23.17101669311523,85.8454360961914
493,2829,23.094390869140625,84.1649398803711
493,2830,23.094390869140625,84.25830078125
493,2831,23.094390869140625,84.3516616821289
493,2832,23.094390869140625,84.44502258300781
493,2833,23.094390869140625,84.53838348388672
493,2834,23.094390869140625,84.63174438476562
493,2835,23.094390869140625,84.72510528564453
493,2836,23.094390869140625,84.81846618652344
493,2837,23.094390869140625,84.91182708740234
493,2838,23.094390869140625,85.00518798828125
493,2839,23.094390869140625,85.09854888916016
493,2840,23.094390869140625,85.19190979003906
493,2841,23.094390869140625,85.28527069091797
493,2842,23.094390869140625,85.37863159179688
493,2843,23.094390869140625,85.47199249267578
493,2844,23.094390869140625,85.56535339355469
493,2845,23.094390869140625,85.6587142944336
493,2846,23.094390869140625,85.7520751953125
493,2847,23.094390869140625,85.8454360961914
493,2848,23.094390869140625,85.93879699707031
493,2849,23.094390869140625,86.03215789794922
494,2829,23.01780891418457,84.1649398803711
494,2830,23.01780891418457,84.25830078125
494,2831,23.01780891418457,84.3516616821289
494,2832,23.01780891418457,84.44502258300781
494,2833,23.01780891418457,84.53838348388672
494,2834,23.01780891418457,84.63174438476562
494,2835,23.01780891418457,84.72510528564453
494,2836,23.01780891418457,84.81846618652344
494,2837,23.01780891418457,84.91182708740234
494,2838,23.01780891418457,85.00518798828125
494,2839,23.01780891418457,85.09854888916016
494,2840,23.01780891418457,85.19190979003906
494,2841,23.01780891418457,85.28527069091797
494,2842,23.01780891418457,85.37863159179688
494,2843,23.01780891418457,85.47199249267578
494,2844,23.01780891418457,85.56535339355469
494,2845,23.01780891418457,85.6587142944336
494,2846,23.01780891418457,85.7520751953125
494,2847,23.01780891418457,85.8454360961914
494,2848,23.01780891418457,85.93879699707031
494,2849,23.01780891418457,86.03215789794922
494,2850,23.01780891418457,86.12551879882812
495,2832,22.941267013549805,84.44502258300781
495,2833,22.941267013549805,84.53838348388672
495,2834,22.941267013549805,84.63174438476562
495,2835,22.941267013549805,84.72510528564453
495,2836,22.941267013549805,84.81846618652344
495,2837,22.941267013549805,84.91182708740234
495,2838,22.941267013549805,85.00518798828125
495,2839,22.941267013549805,85.09854888916016
495,2840,22.941267013549805,85.19190979003906
495,2841,22.941267013549805,85.28527069091797
495,2842,22.941267013549805,85.37863159179688
495,2843,22.941267013549805,85.47199249267578
495,2844,22.941267013549805,85.56535339355469
495,2845,22.941267013549805,85.6587142944336
495,2846,22.941267013549805,85.7520751953125
495,2847,22.941267013549805,85.8454360961914
495,2848,22.941267013549805,85.93879699707031
495,2849,22.941267013549805,86.03215789794922
495,2850,22.941267013549805,86.12551879882812
495,2851,22.941267013549805,86.21887969970703
495,2852,22.941267013549805,86.31224060058594
495,2853,22.941267013549805,86.40560150146484
496,2832,22.864768981933594,84.44502258300781
496,2833,22.864768981933594,84.53838348388672
496,2834,22.864768981933594,84.63174438476562
496,2835,22.864768981933594,84.72510528564453
496,2836,22.864768981933594,84.81846618652344
496,2837,22.864768981933594,84.91182708740234
496,2838,22.864768981933594,85.00518798828125
496,2839,22.864768981933594,85.09854888916016
496,2840,22.864768981933594,85.19190979003906
496,2841,22.864768981933594,85.28527069091797
496,2842,22.864768981933594,85.37863159179688
496,2843,22.864768981933594,85.47199249267578
496,2844,22.864768981933594,85.56535339355469
496,2845,22.864768981933594,85.6587142944336
496,2846,22.864768981933594,85.7520751953125
496,2847,22.864768981933594,85.8454360961914
496,2848,22.864768981933594,85.93879699707031
496,2849,22.864768981933594,86.03215789794922
496,2850,22.864768981933594,86.12551879882812
496,2851,22.864768981933594,86.21887969970703
496,2852,22.864768981933594,86.31224060058594
496,2853,22.864768981933594,86.40560150146484
497,2831,22.788312911987305,84.3516616821289
497,2832,22.788312911987305,84.44502258300781
497,2833,22.788312911987305,84.53838348388672
497,2834,22.788312911987305,84.63174438476562
497,2835,22.788312911987305,84.72510528564453
497,2836,22.788312911987305,84.81846618652344
497,2837,22.788312911987305,84.91182708740234
497,2838,22.788312911987305,85.00518798828125
497,2839,22.788312911987305,85.09854888916016
497,2840,22.788312911987305,85.19190979003906
497,2841,22.788312911987305,85.28527069091797
497,2842,22.788312911987305,85.37863159179688
497,2843,22.788312911987305,85.47199249267578
497,2844,22.788312911987305,85.56535339355469
497,2845,22.788312911987305,85.6587142944336
497,2846,22.788312911987305,85.7520751953125
497,2847,22.788312911987305,85.8454360961914
497,2848,22.788312911987305,85.93879699707031
497,2849,22.788312911987305,86.03215789794922
497,2850,22.788312911987305,86.12551879882812
497,2851,22.788312911987305,86.21887969970703
497,2852,22.788312911987305,86.31224060058594
497,2853,22.788312911987305,86.40560150146484
498,2830,22.711898803710938,84.25830078125
498,2831,22.711898803710938,84.3516616821289
498,2832,22.711898803710938,84.44502258300781
498,2833,22.711898803710938,84.53838348388672
498,2834,22.711898803710938,84.63174438476562
498,2835,22.711898803710938,84.72510528564453
498,2836,22.711898803710938,84.81846618652344
498,2837,22.711898803710938,84.91182708740234
498,2838,22.711898803710938,85.00518798828125
498,2839,22.711898803710938,85.09854888916016
498,2840,22.711898803710938,85.19190979003906
498,2841,22.711898803710938,85.28527069091797
498,2842,22.711898803710938,85.37863159179688
498,2843,22.711898803710938,85.47199249267578
498,2844,22.711898803710938,85.56535339355469
498,2845,22.711898803710938,85.6587142944336
498,2846,22.711898803710938,85.7520751953125
498,2847,22.711898803710938,85.8454360961914
498,2848,22.711898803710938,85.93879699707031
498,2849,22.711898803710938,86.03215789794922
498,2850,22.711898803710938,86.12551879882812
498,2851,22.711898803710938,86.21887969970703
498,2852,22.711898803710938,86.31224060058594
498,2853,22.711898803710938,86.40560150146484
499,2829,22.63552474975586,84.1649398803711
499,2830,22.63552474975586,84.25830078125
499,2831,22.63552474975586,84.3516616821289
499,2832,22.63552474975586,84.44502258300781
499,2833,22.63552474975586,84.53838348388672
499,2834,22.63552474975586,84.63174438476562
499,2835,22.63552474975586,84.72510528564453
499,2836,22.63552474975586,84.81846618652344
499,2837,22.63552474975586,84.91182708740234
499,2838,22.63552474975586,85.00518798828125
499,2839,22.63552474975586,85.09854888916016
499,2840,22.63552474975586,85.19190979003906
499,2841,22.63552474975586,85.28527069091797
499,2842,22.63552474975586,85.37863159179688
499,2843,22.63552474975586,85.47199249267578
499,2844,22.63552474975586,85.56535339355469
499,2845,22.63552474975586,85.6587142944336
499,2846,22.63552474975586,85.7520751953125
499,2847,22.63552474975586,85.8454360961914
499,2848,22.63552474975586,85.93879699707031
499,2849,22.63552474975586,86.03215789794922
499,2850,22.63552474975586,86.12551879882812
499,2851,22.63552474975586,86.21887969970703
499,2852,22.63552474975586,86.31224060058594
499,2853,22.63552474975586,86.40560150146484
499,2854,22.63552474975586,86.49896240234375
499,2855,22.63552474975586,86.59232330322266
500,2828,22.559194564819336,84.07157897949219
500,2829,22.559194564819336,84.1649398803711
500,2830,22.559194564819336,84.25830078125
500,2831,22.559194564819336,84.3516616821289
500,2832,22.559194564819336,84.44502258300781
500,2833,22.559194564819336,84.53838348388672
500,2834,22.559194564819336,84.63174438476562
500,2835,22.559194564819336,84.72510528564453
500,2836,22.559194564819336,84.81846618652344
500,2837,22.559194564819336,84.91182708740234
500,2838,22.559194564819336,85.00518798828125
500,2839,22.559194564819336,85.09854888916016
500,2840,22.559194564819336,85.19190979003906
500,2841,22.559194564819336,85.28527069091797
500,2842,22.559194564819336,85.37863159179688
500,2843,22.559194564819336,85.47199249267578
500,2844,22.559194564819336,85.56535339355469
500,2845,22.559194564819336,85.6587142944336
500,2846,22.559194564819336,85.7520751953125
500,2847,22.559194564819336,85.8454360961914
500,2848,22.559194564819336,85.93879699707031
500,2849,22.559194564819336,86.03215789794922
500,2850,22.559194564819336,86.12551879882812
500,2851,22.559194564819336,86.21887969970703
500,2852,22.559194564819336,86.31224060058594
500,2853,22.559194564819336,86.40560150146484
500,2854,22.559194564819336,86.49896240234375
500,2855,22.559194564819336,86.59232330322266
500,2856,22.559194564819336,86.68568420410156
501,2829,22.4829044342041,84.1649398803711
501,2830,22.4829044342041,84.25830078125
501,2831,22.4829044342041,84.3516616821289
501,2832,22.4829044342041,84.44502258300781
501,2833,22.4829044342041,84.53838348388672
501,2834,22.4829044342041,84.63174438476562
501,2835,22.4829044342041,84.72510528564453
501,2836,22.4829044342041,84.81846618652344
501,2837,22.4829044342041,84.91182708740234
501,2838,22.4829044342041,85.00518798828125
501,2839,22.4829044342041,85.09854888916016
501,2840,22.4829044342041,85.19190979003906
501,2841,22.4829044342041,85.28527069091797
501,2842,22.4829044342041,85.37863159179688
501,2843,22.4829044342041,85.47199249267578
501,2844,22.4829044342041,85.56535339355469
501,2845,22.4829044342041,85.6587142944336
501,2846,22.4829044342041,85.7520751953125
501,2847,22.4829044342041,85.8454360961914
501,2848,22.4829044342041,85.93879699707031
501,2850,22.4829044342041,86.12551879882812
501,2851,22.4829044342041,86.21887969970703
501,2852,22.4829044342041,86.31224060058594
501,2853,22.4829044342041,86.40560150146484
501,2854,22.4829044342041,86.49896240234375
501,2855,22.4829044342041,86.59232330322266
501,2856,22.4829044342041,86.68568420410156
501,2857,22.4829044342041,86.77904510498047
502,2829,22.406654357910156,84.1649398803711
502,2830,22.406654357910156,84.25830078125
502,2831,22.406654357910156,84.3516616821289
502,2832,22.406654357910156,84.44502258300781
502,2839,22.406654357910156,85.09854888916016
502,2840,22.406654357910156,85.19190979003906
502,2841,22.406654357910156,85.28527069091797
502,2842,22.406654357910156,85.37863159179688
502,2843,22.406654357910156,85.47199249267578
502,2844,22.406654357910156,85.56535339355469
502,2845,22.406654357910156,85.6587142944336
502,2846,22.406654357910156,85.7520751953125
502,2847,22.406654357910156,85.8454360961914
502,2848,22.406654357910156,85.93879699707031
502,2852,22.406654357910156,86.31224060058594
502,2853,22.406654357910156,86.40560150146484
502,2854,22.406654357910156,86.49896240234375
502,2855,22.406654357910156,86.59232330322266
502,2856,22.406654357910156,86.68568420410156
502,2857,22.406654357910156,86.77904510498047
503,2839,22.330446243286133,85.09854888916016
503,2840,22.330446243286133,85.19190979003906
503,2841,22.330446243286133,85.28527069091797
503,2842,22.330446243286133,85.37863159179688
503,2843,22.330446243286133,85.47199249267578
503,2844,22.330446243286133,85.56535339355469
503,2845,22.330446243286133,85.6587142944336
503,2846,22.330446243286133,85.7520751953125
503,2847,22.330446243286133,85.8454360961914
503,2848,22.330446243286133,85.93879699707031
503,2853,22.330446243286133,86.40560150146484
503,2855,22.330446243286133,86.59232330322266
503,2856,22.330446243286133,86.68568420410156
503,2857,22.330446243286133,86.77904510498047
504,2839,22.2542781829834,85.09854888916016
504,2840,22.2542781829834,85.19190979003906
504,2841,22.2542781829834,85.28527069091797
504,2842,22.2542781829834,85.37863159179688
504,2843,22.2542781829834,85.47199249267578
504,2844,22.2542781829834,85.56535339355469
504,2845,22.2542781829834,85.6587142944336
504,2846,22.2542781829834,85.7520751953125
504,2847,22.2542781829834,85.8454360961914
504,2848,22.2542781829834,85.93879699707031
504,2856,22.2542781829834,86.68568420410156
504,2857,22.2542781829834,86.77904510498047
504,2858,22.2542781829834,86.87240600585938
505,2839,22.178152084350582,85.09854888916016
505,2840,22.178152084350582,85.19190979003906
505,2841,22.178152084350582,85.28527069091797
505,2842,22.178152084350582,85.37863159179688
505,2843,22.178152084350582,85.47199249267578
505,2844,22.178152084350582,85.56535339355469
505,2845,22.178152084350582,85.6587142944336
505,2846,22.178152084350582,85.7520751953125
505,2847,22.178152084350582,85.8454360961914
505,2848,22.178152084350582,85.93879699707031
506,2838,22.10206413269043,85.00518798828125
506,2839,22.10206413269043,85.09854888916016
506,2840,22.10206413269043,85.19190979003906
506,2841,22.10206413269043,85.28527069091797
506,2844,22.10206413269043,85.56535339355469
506,2845,22.10206413269043,85.6587142944336
506,2846,22.10206413269043,85.7520751953125
506,2847,22.10206413269043,85.8454360961914
506,2848,22.10206413269043,85.93879699707031
507,2847,22.026018142700195,85.8454360961914
507,2848,22.026018142700195,85.93879699707031
