month,row,col,latitude,longitude,mean_soil_moisture,observations,inside_jharkhand
2015-04,465,2865,25.256832122802734,87.52593994140625,0.1362150462392048,195,True
2015-04,465,2866,25.256832122802734,87.61930084228516,0.0887149054270524,195,True
2015-04,466,2863,25.178972244262695,87.3392105102539,0.1479957702068182,195,True
2015-04,466,2864,25.178972244262695,87.43257904052734,0.1434652401468692,195,True
2015-04,466,2865,25.178972244262695,87.52593994140625,0.1394564825372818,195,True
2015-04,466,2866,25.178972244262695,87.61930084228516,0.1338005580581151,195,True
2015-04,466,2867,25.178972244262695,87.71266174316406,0.1381896117940927,195,True
2015-04,467,2862,25.101160049438477,87.245849609375,0.154465183806725,195,True
2015-04,467,2863,25.101160049438477,87.3392105102539,0.1525319343576064,195,True
2015-04,467,2864,25.101160049438477,87.43257904052734,0.146770684994184,195,True
2015-04,467,2865,25.101160049438477,87.52593994140625,0.1439137702951064,195,True
2015-04,467,2866,25.101160049438477,87.61930084228516,0.1445850005516639,195,True
2015-04,467,2867,25.101160049438477,87.71266174316406,0.1456014706920354,195,True
2015-04,468,2861,25.02339744567871,87.1524887084961,0.1053875191280475,195,True
2015-04,468,2862,25.02339744567871,87.245849609375,0.1052108301566197,195,True
2015-04,468,2863,25.02339744567871,87.3392105102539,0.1050904031174305,195,True
2015-04,468,2864,25.02339744567871,87.43257904052734,0.1508497114364917,195,True
2015-04,468,2865,25.02339744567871,87.52593994140625,0.1498589074382415,195,True
2015-04,468,2866,25.02339744567871,87.61930084228516,0.1189019547250026,195,True
2015-04,468,2867,25.02339744567871,87.71266174316406,0.1536354187207344,195,True
2015-04,468,2868,25.02339744567871,87.80602264404297,0.1563269126491669,195,True
2015-04,469,2861,24.94568252563477,87.1524887084961,0.109120836128027,195,True
2015-04,469,2862,24.94568252563477,87.245849609375,0.110822543157981,195,True
2015-04,469,2863,24.94568252563477,87.3392105102539,0.1125448300479314,195,True
2015-04,469,2864,24.94568252563477,87.43257904052734,0.1231765283605991,195,True
2015-04,469,2865,24.94568252563477,87.52593994140625,0.1248244776366612,195,True
2015-04,469,2866,24.94568252563477,87.61930084228516,0.1278547946841289,195,True
2015-04,469,2867,24.94568252563477,87.71266174316406,0.1258337484720425,195,True
2015-04,469,2868,24.94568252563477,87.80602264404297,0.16162460763485,195,True
2015-04,469,2869,24.94568252563477,87.89938354492188,0.1124603199271055,195,True
2015-04,470,2861,24.86801528930664,87.1524887084961,0.1106580613515316,195,True
2015-04,470,2862,24.86801528930664,87.245849609375,0.113046413889298,195,True
2015-04,470,2863,24.86801528930664,87.3392105102539,0.116572367801116,195,True
2015-04,470,2864,24.86801528930664,87.43257904052734,0.1266733732743141,195,True
2015-04,470,2865,24.86801528930664,87.52593994140625,0.1315190951793621,195,True
2015-04,470,2866,24.86801528930664,87.61930084228516,0.1669230851607445,195,True
2015-04,470,2867,24.86801528930664,87.71266174316406,0.1650402289552566,195,True
2015-04,470,2868,24.86801528930664,87.80602264404297,0.1664341780237662,195,True
2015-04,470,2869,24.86801528930664,87.89938354492188,0.1154640319637763,195,True
2015-04,471,2846,24.79039764404297,85.7520751953125,0.0813891997895179,195,True
2015-04,471,2847,24.79039764404297,85.8454360961914,0.0802040222554634,195,True
2015-04,471,2861,24.79039764404297,87.1524887084961,0.1101866821830089,195,True
2015-04,471,2862,24.79039764404297,87.245849609375,0.1151989204379228,195,True
2015-04,471,2863,24.79039764404297,87.3392105102539,0.1389073225550162,195,True
2015-04,471,2864,24.79039764404297,87.43257904052734,0.1606940561762223,195,True
2015-04,471,2865,24.79039764404297,87.52593994140625,0.1651524397043081,195,True
2015-04,471,2866,24.79039764404297,87.61930084228516,0.1329393362769713,195,True
2015-04,471,2867,24.79039764404297,87.71266174316406,0.1366781308100773,195,True
2015-04,471,2868,24.79039764404297,87.80602264404297,0.1671210582439716,195,True
2015-04,472,2846,24.712825775146484,85.7520751953125,0.1026672289921687,195,True
2015-04,472,2847,24.712825775146484,85.8454360961914,0.1162973965780857,195,True
2015-04,472,2848,24.712825775146484,85.93879699707031,0.1115827438923028,195,True
2015-04,472,2849,24.712825775146484,86.03215789794922,0.1140503638065778,195,True
2015-04,472,2861,24.712825775146484,87.1524887084961,0.1094400969071266,195,True
2015-04,472,2862,24.712825775146484,87.245849609375,0.1147907673548429,195,True
2015-04,472,2863,24.712825775146484,87.3392105102539,0.1720940148601165,195,True
2015-04,472,2864,24.712825775146484,87.43257904052734,0.1602635236886831,195,True
2015-04,472,2865,24.712825775146484,87.52593994140625,0.130662411909837,195,True
2015-04,472,2866,24.712825775146484,87.61930084228516,0.1377269964951735,195,True
2015-04,472,2867,24.712825775146484,87.71266174316406,0.1721677265488184,195,True
2015-04,472,2868,24.712825775146484,87.80602264404297,0.172167100623632,195,True
2015-04,472,2869,24.712825775146484,87.89938354492188,0.1689995324764496,195,True
2015-04,473,2846,24.63530158996582,85.7520751953125,0.1070153578733786,195,True
2015-04,473,2847,24.63530158996582,85.8454360961914,0.1313309816213754,195,True
2015-04,473,2848,24.63530158996582,85.93879699707031,0.1259295265835065,195,True
2015-04,473,2849,24.63530158996582,86.03215789794922,0.1343623942289597,195,True
2015-04,473,2860,24.63530158996582,87.05912780761719,0.1610956363188914,195,True
2015-04,473,2861,24.63530158996582,87.1524887084961,0.1090461071103047,195,True
2015-04,473,2862,24.63530158996582,87.245849609375,0.168578702937334,195,True
2015-04,473,2863,24.63530158996582,87.3392105102539,0.1717392284900714,195,True
2015-04,473,2864,24.63530158996582,87.43257904052734,0.1309730651860053,195,True
2015-04,473,2865,24.63530158996582,87.52593994140625,0.1320572999425423,195,True
2015-04,473,2866,24.63530158996582,87.61930084228516,0.1406582489609718,195,True
2015-04,473,2867,24.63530158996582,87.71266174316406,0.1140276713631091,195,True
2015-04,473,2868,24.63530158996582,87.80602264404297,0.1717126233837543,195,True
2015-04,473,2869,24.63530158996582,87.89938354492188,0.1730154891044665,195,True
2015-04,474,2827,24.557823181152344,83.97821807861328,0.1198372792357053,195,True
2015-04,474,2828,24.557823181152344,84.07157897949219,0.1192923449935057,195,True
2015-04,474,2844,24.557823181152344,85.56535339355469,0.1093742100856243,195,True
2015-04,474,2845,24.557823181152344,85.6587142944336,0.1113192754105115,195,True
2015-04,474,2846,24.557823181152344,85.7520751953125,0.1173989247053097,195,True
2015-04,474,2847,24.557823181152344,85.8454360961914,0.1304827492588605,195,True
2015-04,474,2848,24.557823181152344,85.93879699707031,0.136477184219238,195,True
2015-04,474,2849,24.557823181152344,86.03215789794922,0.1341206012628017,195,True
2015-04,474,2850,24.557823181152344,86.12551879882812,0.1326071639473621,195,True
2015-04,474,2851,24.557823181152344,86.21887969970703,0.1282431503327993,195,True
2015-04,474,2855,24.557823181152344,86.59232330322266,0.1488200578552026,195,True
2015-04,474,2856,24.557823181152344,86.68568420410156,0.1522092306079008,195,True
2015-04,474,2857,24.557823181152344,86.77904510498047,0.1535058363507955,195,True
2015-04,474,2858,24.557823181152344,86.87240600585938,0.1547504841517179,195,True
2015-04,474,2859,24.557823181152344,86.96576690673828,0.1585384198488333,195,True
2015-04,474,2860,24.557823181152344,87.05912780761719,0.1640793165335288,195,True
2015-04,474,2861,24.557823181152344,87.1524887084961,0.1685539757212003,195,True
2015-04,474,2862,24.557823181152344,87.245849609375,0.1689169003031192,195,True
2015-04,474,2863,24.557823181152344,87.3392105102539,0.1705396528809498,195,True
2015-04,474,2864,24.557823181152344,87.43257904052734,0.1301886852544087,195,True
2015-04,474,2865,24.557823181152344,87.52593994140625,0.134454338481793,195,True
2015-04,474,2866,24.557823181152344,87.61930084228516,0.1108360022306442,195,True
2015-04,474,2867,24.557823181152344,87.71266174316406,0.1119567016378427,195,True
2015-04,475,2821,24.480392456054688,83.41805267333984,0.0900914044907459,195,True
2015-04,475,2822,24.480392456054688,83.51141357421875,0.09290489044327,195,True
2015-04,475,2823,24.480392456054688,83.60477447509766,0.0955096048040267,195,True
2015-04,475,2824,24.480392456054688,83.69813537597656,0.0976545992761086,195,True
2015-04,475,2825,24.480392456054688,83.79149627685547,0.0807846387036335,195,True
2015-04,475,2826,24.480392456054688,83.88485717773438,0.1202316602071126,195,True
2015-04,475,2827,24.480392456054688,83.97821807861328,0.0670288794888899,195,True
2015-04,475,2828,24.480392456054688,84.07157897949219,0.0672382769867395,195,True
2015-04,475,2829,24.480392456054688,84.1649398803711,0.0898769989036596,195,True
2015-04,475,2830,24.480392456054688,84.25830078125,0.0910322849567119,195,True
2015-04,475,2836,24.480392456054688,84.81846618652344,0.0762826699094894,195,True
2015-04,475,2841,24.480392456054688,85.28527069091797,0.1079076449076334,195,True
2015-04,475,2842,24.480392456054688,85.37863159179688,0.1152452444227842,195,True
2015-04,475,2843,24.480392456054688,85.47199249267578,0.1199332139239861,195,True
2015-04,475,2844,24.480392456054688,85.56535339355469,0.1246682118911009,195,True
2015-04,475,2845,24.480392456054688,85.6587142944336,0.1323235071622408,195,True
2015-04,475,2846,24.480392456054688,85.7520751953125,0.1350054544516098,195,True
2015-04,475,2847,24.480392456054688,85.8454360961914,0.1365523044497539,195,True
2015-04,475,2848,24.480392456054688,85.93879699707031,0.1444213010943853,195,True
2015-04,475,2849,24.480392456054688,86.03215789794922,0.1441020402388695,195,True
2015-04,475,2850,24.480392456054688,86.12551879882812,0.1639304844232706,195,True
2015-04,475,2851,24.480392456054688,86.21887969970703,0.1555134233755943,195,True
2015-04,475,2854,24.480392456054688,86.49896240234375,0.1497180571540808,195,True
2015-04,475,2855,24.480392456054688,86.59232330322266,0.1504501661046957,195,True
2015-04,475,2856,24.480392456054688,86.68568420410156,0.1514503600505682,195,True
2015-04,475,2857,24.480392456054688,86.77904510498047,0.1543518774784528,195,True
2015-04,475,2858,24.480392456054688,86.87240600585938,0.1550587899027726,195,True
2015-04,475,2859,24.480392456054688,86.96576690673828,0.1593080888191859,195,True
2015-04,475,2860,24.480392456054688,87.05912780761719,0.1652208303411801,195,True
2015-04,475,2861,24.480392456054688,87.1524887084961,0.1662892584999402,195,True
2015-04,475,2862,24.480392456054688,87.245849609375,0.1697526122132937,195,True
2015-04,475,2863,24.480392456054688,87.3392105102539,0.1697239727928088,195,True
2015-04,475,2864,24.480392456054688,87.43257904052734,0.127729985748346,195,True
2015-04,475,2865,24.480392456054688,87.52593994140625,0.1315556379655997,195,True
2015-04,475,2866,24.480392456054688,87.61930084228516,0.1100146881280801,195,True
2015-04,475,2867,24.480392456054688,87.71266174316406,0.1109466480903136,195,True
2015-04,475,2868,24.480392456054688,87.80602264404297,0.1555566176390036,195,True
2015-04,476,2822,24.40300941467285,83.51141357421875,0.0858015718750464,195,True
2015-04,476,2823,24.40300941467285,83.60477447509766,0.0876591534568713,195,True
2015-04,476,2824,24.40300941467285,83.69813537597656,0.0889908153468217,195,True
2015-04,476,2825,24.40300941467285,83.79149627685547,0.1178289094414466,195,True
2015-04,476,2826,24.40300941467285,83.88485717773438,0.1152993933894695,195,True
2015-04,476,2827,24.40300941467285,83.97821807861328,0.085650236140459,195,True
2015-04,476,2828,24.40300941467285,84.07157897949219,0.0861623836633486,195,True
2015-04,476,2829,24.40300941467285,84.1649398803711,0.0896644714360053,195,True
2015-04,476,2830,24.40300941467285,84.25830078125,0.0700733599563439,195,True
2015-04,476,2835,24.40300941467285,84.72510528564453,0.0734013409377672,195,True
2015-04,476,2836,24.40300941467285,84.81846618652344,0.0783565349112718,195,True
2015-04,476,2838,24.40300941467285,85.00518798828125,0.0957747946947048,195,True
2015-04,476,2840,24.40300941467285,85.19190979003906,0.1073428349426159,195,True
2015-04,476,2841,24.40300941467285,85.28527069091797,0.1269023332458276,195,True
2015-04,476,2842,24.40300941467285,85.37863159179688,0.1403998667995135,195,True
2015-04,476,2843,24.40300941467285,85.47199249267578,0.143519545900516,195,True
2015-04,476,2844,24.40300941467285,85.56535339355469,0.1423689550314194,195,True
2015-04,476,2845,24.40300941467285,85.6587142944336,0.1431840089651254,195,True
2015-04,476,2846,24.40300941467285,85.7520751953125,0.1784310289682486,195,True
2015-04,476,2847,24.40300941467285,85.8454360961914,0.1793734744955331,195,True
2015-04,476,2848,24.40300941467285,85.93879699707031,0.1757986922676746,195,True
2015-04,476,2849,24.40300941467285,86.03215789794922,0.170954065865431,195,True
2015-04,476,2850,24.40300941467285,86.12551879882812,0.1627933525122129,195,True
2015-04,476,2851,24.40300941467285,86.21887969970703,0.1549400059458537,195,True
2015-04,476,2852,24.40300941467285,86.31224060058594,0.1538513892354109,195,True
2015-04,476,2854,24.40300941467285,86.49896240234375,0.1507540898063244,195,True
2015-04,476,2855,24.40300941467285,86.59232330322266,0.1503855314010229,195,True
2015-04,476,2856,24.40300941467285,86.68568420410156,0.1527519739973239,195,True
2015-04,476,2857,24.40300941467285,86.77904510498047,0.1534599817716158,195,True
2015-04,476,2858,24.40300941467285,86.87240600585938,0.1543701881781602,195,True
2015-04,476,2859,24.40300941467285,86.96576690673828,0.1595528554075803,195,True
2015-04,476,2860,24.40300941467285,87.05912780761719,0.1642317477327126,195,True
2015-04,476,2861,24.40300941467285,87.1524887084961,0.1680199963924212,195,True
2015-04,476,2862,24.40300941467285,87.245849609375,0.169587034980456,195,True
2015-04,476,2863,24.40300941467285,87.3392105102539,0.1703596774584208,195,True
2015-04,476,2864,24.40300941467285,87.43257904052734,0.1627877186124141,195,True
2015-04,476,2865,24.40300941467285,87.52593994140625,0.1299561255635359,195,True
2015-04,476,2866,24.40300941467285,87.61930084228516,0.1084870877556311,195,True
2015-04,476,2867,24.40300941467285,87.71266174316406,0.1091925133497287,195,True
2015-04,477,2821,24.325672149658203,83.41805267333984,0.0824548891721627,195,True
2015-04,477,2822,24.325672149658203,83.51141357421875,0.0847356477035926,195,True
2015-04,477,2823,24.325672149658203,83.60477447509766,0.0867344708205797,195,True
2015-04,477,2824,24.325672149658203,83.69813537597656,0.0883503374571983,195,True
2015-04,477,2825,24.325672149658203,83.79149627685547,0.1137007419497538,195,True
2015-04,477,2826,24.325672149658203,83.88485717773438,0.1140210198668333,195,True
2015-04,477,2827,24.325672149658203,83.97821807861328,0.1126643962393968,195,True
2015-04,477,2828,24.325672149658203,84.07157897949219,0.0653698187321424,195,True
2015-04,477,2829,24.325672149658203,84.1649398803711,0.0690125220288068,195,True
2015-04,477,2830,24.325672149658203,84.25830078125,0.0895032759087208,195,True
2015-04,477,2831,24.325672149658203,84.3516616821289,0.0908802447028649,195,True
2015-04,477,2832,24.325672149658203,84.44502258300781,0.09185852874548,195,True
2015-04,477,2833,24.325672149658203,84.53838348388672,0.0930223439175349,195,True
2015-04,477,2834,24.325672149658203,84.63174438476562,0.0718995631314241,195,True
2015-04,477,2835,24.325672149658203,84.72510528564453,0.0707986610631148,195,True
2015-04,477,2836,24.325672149658203,84.81846618652344,0.077074561917629,195,True
2015-04,477,2837,24.325672149658203,84.91182708740234,0.0735079960372203,195,True
2015-04,477,2838,24.325672149658203,85.00518798828125,0.110938275204255,195,True
2015-04,477,2839,24.325672149658203,85.09854888916016,0.115170202537989,195,True
2015-04,477,2840,24.325672149658203,85.19190979003906,0.1049086276155251,195,True
2015-04,477,2841,24.325672149658203,85.28527069091797,0.1096358005817119,195,True
2015-04,477,2842,24.325672149658203,85.37863159179688,0.1119503632187843,195,True
2015-04,477,2843,24.325672149658203,85.47199249267578,0.1793501558594214,195,True
2015-04,477,2844,24.325672149658203,85.56535339355469,0.1782793800800274,195,True
2015-04,477,2845,24.325672149658203,85.6587142944336,0.179091773659755,195,True
2015-04,477,2846,24.325672149658203,85.7520751953125,0.1784699976826325,195,True
2015-04,477,2847,24.325672149658203,85.8454360961914,0.1782917437263024,195,True
2015-04,477,2848,24.325672149658203,85.93879699707031,0.1748179043332735,195,True
2015-04,477,2849,24.325672149658203,86.03215789794922,0.1683021666529851,195,True
2015-04,477,2850,24.325672149658203,86.12551879882812,0.1582373128869594,195,True
2015-04,477,2851,24.325672149658203,86.21887969970703,0.1532028515369464,195,True
2015-04,477,2852,24.325672149658203,86.31224060058594,0.1531314873924622,195,True
2015-04,477,2853,24.325672149658203,86.40560150146484,0.1483045454972829,195,True
2015-04,477,2854,24.325672149658203,86.49896240234375,0.149849674029228,195,True
2015-04,477,2855,24.325672149658203,86.59232330322266,0.1523280143355712,195,True
2015-04,477,2856,24.325672149658203,86.68568420410156,0.1537106954516508,195,True
2015-04,477,2857,24.325672149658203,86.77904510498047,0.153283292781084,195,True
2015-04,477,2858,24.325672149658203,86.87240600585938,0.1528638717837822,195,True
2015-04,477,2859,24.325672149658203,86.96576690673828,0.1588271630498079,195,True
2015-04,477,2860,24.325672149658203,87.05912780761719,0.1637558300525714,195,True
2015-04,477,2861,24.325672149658203,87.1524887084961,0.1666493660746476,195,True
2015-04,477,2862,24.325672149658203,87.245849609375,0.1691242632575524,195,True
2015-04,477,2863,24.325672149658203,87.3392105102539,0.1688746451185299,195,True
2015-04,477,2864,24.325672149658203,87.43257904052734,0.166637315467382,195,True
2015-04,477,2865,24.325672149658203,87.52593994140625,0.1606039121364935,195,True
2015-04,477,2866,24.325672149658203,87.61930084228516,0.1061201757154403,195,True
2015-04,477,2867,24.325672149658203,87.71266174316406,0.1111477509714089,195,True
2015-04,478,2821,24.248380661010746,83.41805267333984,0.0883420429741724,195,True
2015-04,478,2822,24.248380661010746,83.51141357421875,0.0895060929350363,195,True
2015-04,478,2823,24.248380661010746,83.60477447509766,0.0913887927356438,195,True
2015-04,478,2824,24.248380661010746,83.69813537597656,0.0908142015337944,195,True
2015-04,478,2825,24.248380661010746,83.79149627685547,0.1116210863758356,195,True
2015-04,478,2826,24.248380661010746,83.88485717773438,0.1102786258627206,195,True
2015-04,478,2827,24.248380661010746,83.97821807861328,0.0645311330946592,195,True
2015-04,478,2828,24.248380661010746,84.07157897949219,0.0641402733631623,195,True
2015-04,478,2829,24.248380661010746,84.1649398803711,0.0855775416852572,195,True
2015-04,478,2830,24.248380661010746,84.25830078125,0.0868072434877738,195,True
2015-04,478,2831,24.248380661010746,84.3516616821289,0.0886126321859848,195,True
2015-04,478,2832,24.248380661010746,84.44502258300781,0.0905482291029049,195,True
2015-04,478,2833,24.248380661010746,84.53838348388672,0.0693504845675749,195,True
2015-04,478,2834,24.248380661010746,84.63174438476562,0.0691499293423616,195,True
2015-04,478,2835,24.248380661010746,84.72510528564453,0.0699417431576129,195,True
2015-04,478,2836,24.248380661010746,84.81846618652344,0.0741023063277586,195,True
2015-04,478,2837,24.248380661010746,84.91182708740234,0.0836722276340692,195,True
2015-04,478,2838,24.248380661010746,85.00518798828125,0.0992722657246467,195,True
2015-04,478,2839,24.248380661010746,85.09854888916016,0.101731356481711,195,True
2015-04,478,2840,24.248380661010746,85.19190979003906,0.1060365259074247,195,True
2015-04,478,2841,24.248380661010746,85.28527069091797,0.1143777626256148,195,True
2015-04,478,2842,24.248380661010746,85.37863159179688,0.1153132438468627,195,True
2015-04,478,2843,24.248380661010746,85.47199249267578,0.1147751952975224,195,True
2015-04,478,2844,24.248380661010746,85.56535339355469,0.1824421341602619,195,True
2015-04,478,2845,24.248380661010746,85.6587142944336,0.1839856976117843,195,True
2015-04,478,2846,24.248380661010746,85.7520751953125,0.1828139791886011,195,True
2015-04,478,2847,24.248380661010746,85.8454360961914,0.1811704120956934,195,True
2015-04,478,2848,24.248380661010746,85.93879699707031,0.147451148659755,195,True
2015-04,478,2849,24.248380661010746,86.03215789794922,0.1426066787961201,195,True
2015-04,478,2850,24.248380661010746,86.12551879882812,0.134003069347296,195,True
2015-04,478,2851,24.248380661010746,86.21887969970703,0.1247712672520906,195,True
2015-04,478,2852,24.248380661010746,86.31224060058594,0.1522981227972568,195,True
2015-04,478,2853,24.248380661010746,86.40560150146484,0.1525572874225103,195,True
2015-04,478,2854,24.248380661010746,86.49896240234375,0.1535150699508495,195,True
2015-04,478,2855,24.248380661010746,86.59232330322266,0.1529194293113855,195,True
2015-04,478,2856,24.248380661010746,86.68568420410156,0.1546093206375073,195,True
2015-04,478,2857,24.248380661010746,86.77904510498047,0.1544728524791888,195,True
2015-04,478,2858,24.248380661010746,86.87240600585938,0.1512960507701604,195,True
2015-04,478,2859,24.248380661010746,86.96576690673828,0.1580981842982463,195,True
2015-04,478,2860,24.248380661010746,87.05912780761719,0.1640785339551094,195,True
2015-04,478,2861,24.248380661010746,87.1524887084961,0.1643420806297889,195,True
2015-04,478,2862,24.248380661010746,87.245849609375,0.1656895490411,195,True
2015-04,478,2863,24.248380661010746,87.3392105102539,0.1643719721681032,195,True
2015-04,478,2864,24.248380661010746,87.43257904052734,0.1590994737851314,195,True
2015-04,478,2865,24.248380661010746,87.52593994140625,0.1495171890044823,195,True
2015-04,478,2866,24.248380661010746,87.61930084228516,0.1044807557876293,195,True
2015-04,479,2821,24.17113494873047,83.41805267333984,0.0674238863090674,195,True
2015-04,479,2822,24.17113494873047,83.51141357421875,0.0659801701131539,195,True
2015-04,479,2823,24.17113494873047,83.60477447509766,0.090551437342014,195,True
2015-04,479,2824,24.17113494873047,83.69813537597656,0.0879807616846683,195,True
2015-04,479,2825,24.17113494873047,83.79149627685547,0.0868415170946182,195,True
2015-04,479,2826,24.17113494873047,83.88485717773438,0.0876106383326726,195,True
2015-04,479,2827,24.17113494873047,83.97821807861328,0.0870544359087944,195,True
2015-04,479,2828,24.17113494873047,84.07157897949219,0.0865112231136896,195,True
2015-04,479,2829,24.17113494873047,84.1649398803711,0.0891250927287798,195,True
2015-04,479,2830,24.17113494873047,84.25830078125,0.0923099540747129,195,True
2015-04,479,2831,24.17113494873047,84.3516616821289,0.0883262363763956,195,True
2015-04,479,2832,24.17113494873047,84.44502258300781,0.0660717229239451,195,True
2015-04,479,2833,24.17113494873047,84.53838348388672,0.0667530474563439,195,True
2015-04,479,2834,24.17113494873047,84.63174438476562,0.070429554906411,195,True
2015-04,479,2835,24.17113494873047,84.72510528564453,0.070852653739544,195,True
2015-04,479,2836,24.17113494873047,84.81846618652344,0.0774273137633617,195,True
2015-04,479,2837,24.17113494873047,84.91182708740234,0.0904237331488193,195,True
2015-04,479,2838,24.17113494873047,85.00518798828125,0.0971786033266629,195,True
2015-04,479,2839,24.17113494873047,85.09854888916016,0.1038156287219279,195,True
2015-04,479,2840,24.17113494873047,85.19190979003906,0.1081957619732771,195,True
2015-04,479,2841,24.17113494873047,85.28527069091797,0.1088005578097624,195,True
2015-04,479,2842,24.17113494873047,85.37863159179688,0.1117804035735436,195,True
2015-04,479,2843,24.17113494873047,85.47199249267578,0.1072876683603494,195,True
2015-04,479,2844,24.17113494873047,85.56535339355469,0.1162638272039401,195,True
2015-04,479,2845,24.17113494873047,85.6587142944336,0.180344090056725,195,True
2015-04,479,2846,24.17113494873047,85.7520751953125,0.1790625081994594,195,True
2015-04,479,2847,24.17113494873047,85.8454360961914,0.1789861360421547,195,True
2015-04,479,2848,24.17113494873047,85.93879699707031,0.141373455677277,195,True
2015-04,479,2849,24.17113494873047,86.03215789794922,0.1401641771197319,195,True
2015-04,479,2850,24.17113494873047,86.12551879882812,0.1312291779961341,195,True
2015-04,479,2851,24.17113494873047,86.21887969970703,0.1237958785433035,195,True
2015-04,479,2852,24.17113494873047,86.31224060058594,0.1240465139158261,195,True
2015-04,479,2853,24.17113494873047,86.40560150146484,0.1244980957836676,195,True
2015-04,479,2854,24.17113494873047,86.49896240234375,0.1244880798344428,195,True
2015-04,479,2855,24.17113494873047,86.59232330322266,0.1267538144229314,195,True
2015-04,479,2856,24.17113494873047,86.68568420410156,0.1567295881418081,195,True
2015-04,479,2857,24.17113494873047,86.77904510498047,0.1544327883766247,195,True
2015-04,479,2858,24.17113494873047,86.87240600585938,0.1519752625471506,195,True
2015-04,479,2859,24.17113494873047,86.96576690673828,0.1583972564874551,195,True
2015-04,479,2860,24.17113494873047,87.05912780761719,0.1638021543239936,195,True
2015-04,479,2861,24.17113494873047,87.1524887084961,0.1618651489034677,195,True
2015-04,479,2862,24.17113494873047,87.245849609375,0.1601671195947206,195,True
2015-04,479,2863,24.17113494873047,87.3392105102539,0.157028504098073,195,True
2015-04,479,2864,24.17113494873047,87.43257904052734,0.1528314763918901,195,True
2015-04,479,2865,24.17113494873047,87.52593994140625,0.1468105929784285,195,True
2015-04,479,2866,24.17113494873047,87.61930084228516,0.1019549175714835,195,True
2015-04,480,2821,24.093935012817383,83.41805267333984,0.0654108999822384,195,True
2015-04,480,2822,24.093935012817383,83.51141357421875,0.0665820706922274,195,True
2015-04,480,2823,24.093935012817383,83.60477447509766,0.0670490679450524,195,True
2015-04,480,2824,24.093935012817383,83.69813537597656,0.0845940930912127,195,True
2015-04,480,2825,24.093935012817383,83.79149627685547,0.0832750294644099,195,True
2015-04,480,2826,24.093935012817383,83.88485717773438,0.0825669434017095,195,True
2015-04,480,2827,24.093935012817383,83.97821807861328,0.0865066062372464,195,True
2015-04,480,2828,24.093935012817383,84.07157897949219,0.0875598540099767,195,True
2015-04,480,2829,24.093935012817383,84.1649398803711,0.0913017786084077,195,True
2015-04,480,2830,24.093935012817383,84.25830078125,0.0919424129029115,195,True
2015-04,480,2831,24.093935012817383,84.3516616821289,0.0924529171906984,195,True
2015-04,480,2832,24.093935012817383,84.44502258300781,0.0940166691747995,195,True
2015-04,480,2833,24.093935012817383,84.53838348388672,0.0703287686483982,195,True
2015-04,480,2834,24.093935012817383,84.63174438476562,0.06891807403702,195,True
2015-04,480,2835,24.093935012817383,84.72510528564453,0.0726460700997939,195,True
2015-04,480,2836,24.093935012817383,84.81846618652344,0.0787973183851975,195,True
2015-04,480,2837,24.093935012817383,84.91182708740234,0.0887909646217639,195,True
2015-04,480,2838,24.093935012817383,85.00518798828125,0.0973617871984457,195,True
2015-04,480,2839,24.093935012817383,85.09854888916016,0.1027934463933492,195,True
2015-04,480,2840,24.093935012817383,85.19190979003906,0.1098124893812032,195,True
2015-04,480,2841,24.093935012817383,85.28527069091797,0.1130212169809219,195,True
2015-04,480,2842,24.093935012817383,85.37863159179688,0.1186177497299817,195,True
2015-04,480,2843,24.093935012817383,85.47199249267578,0.1256658235421547,195,True
2015-04,480,2844,24.093935012817383,85.56535339355469,0.1787883194593282,195,True
2015-04,480,2845,24.093935012817383,85.6587142944336,0.1109034538842164,195,True
2015-04,480,2846,24.093935012817383,85.7520751953125,0.1805444105313374,195,True
2015-04,480,2847,24.093935012817383,85.8454360961914,0.1788238452031062,195,True
2015-04,480,2848,24.093935012817383,85.93879699707031,0.1706027226570325,195,True
2015-04,480,2849,24.093935012817383,86.03215789794922,0.1642984170562181,195,True
2015-04,480,2850,24.093935012817383,86.12551879882812,0.1275816232348099,195,True
2015-04,480,2851,24.093935012817383,86.21887969970703,0.1241120093717024,195,True
2015-04,480,2852,24.093935012817383,86.31224060058594,0.123344374830142,195,True
2015-04,480,2853,24.093935012817383,86.40560150146484,0.124583623271722,195,True
2015-04,480,2854,24.093935012817383,86.49896240234375,0.1258914971962953,195,True
2015-04,480,2855,24.093935012817383,86.59232330322266,0.1246041248624141,195,True
2015-04,480,2856,24.093935012817383,86.68568420410156,0.1537670355576735,195,True
2015-04,480,2857,24.093935012817383,86.77904510498047,0.1538194633065125,195,True
2015-04,480,2858,24.093935012817383,86.87240600585938,0.153354187691823,195,True
2015-04,480,2859,24.093935012817383,86.96576690673828,0.1584149410709356,195,True
2015-04,480,2860,24.093935012817383,87.05912780761719,0.1624011626228308,195,True
2015-04,480,2861,24.093935012817383,87.1524887084961,0.1630069758647527,195,True
2015-04,480,2862,24.093935012817383,87.245849609375,0.155196197445576,195,True
2015-04,480,2863,24.093935012817383,87.3392105102539,0.1519384851058324,195,True
2015-04,480,2864,24.093935012817383,87.43257904052734,0.1512332943005439,195,True
2015-04,481,2823,24.01677894592285,83.60477447509766,0.0629433582799556,195,True
2015-04,481,2824,24.01677894592285,83.69813537597656,0.0746337033999271,195,True
2015-04,481,2825,24.01677894592285,83.79149627685547,0.07549766388077,195,True
2015-04,481,2826,24.01677894592285,83.88485717773438,0.0734837384178088,195,True
2015-04,481,2827,24.01677894592285,83.97821807861328,0.0772766821468487,195,True
2015-04,481,2828,24.01677894592285,84.07157897949219,0.0848347124571983,195,True
2015-04,481,2829,24.01677894592285,84.1649398803711,0.0877309870834534,195,True
2015-04,481,2830,24.01677894592285,84.25830078125,0.0892518580150909,195,True
2015-04,481,2831,24.01677894592285,84.3516616821289,0.0888150653969018,195,True
2015-04,481,2832,24.01677894592285,84.44502258300781,0.0907978472037193,195,True
2015-04,481,2833,24.01677894592285,84.53838348388672,0.0687437325907059,195,True
2015-04,481,2834,24.01677894592285,84.63174438476562,0.0683346014183301,195,True
2015-04,481,2835,24.01677894592285,84.72510528564453,0.0735684051918677,195,True
2015-04,481,2836,24.01677894592285,84.81846618652344,0.084664049018652,195,True
2015-04,481,2837,24.01677894592285,84.91182708740234,0.0928252319112802,195,True
2015-04,481,2838,24.01677894592285,85.00518798828125,0.0990537912608721,195,True
2015-04,481,2839,24.01677894592285,85.09854888916016,0.1001196372776459,195,True
2015-04,481,2840,24.01677894592285,85.19190979003906,0.1041968638507219,195,True
2015-04,481,2841,24.01677894592285,85.28527069091797,0.1181561517027708,195,True
2015-04,481,2842,24.01677894592285,85.37863159179688,0.1231128324682895,195,True
2015-04,481,2843,24.01677894592285,85.47199249267578,0.125706278742888,195,True
2015-04,481,2844,24.01677894592285,85.56535339355469,0.1809367570357445,195,True
2015-04,481,2845,24.01677894592285,85.6587142944336,0.1713462559458537,195,True
2015-04,481,2846,24.01677894592285,85.7520751953125,0.1775536879132955,195,True
2015-04,481,2847,24.01677894592285,85.8454360961914,0.179960977152372,195,True
2015-04,481,2848,24.01677894592285,85.93879699707031,0.169856685361801,195,True
2015-04,481,2849,24.01677894592285,86.03215789794922,0.1629558001573269,195,True
2015-04,481,2850,24.01677894592285,86.12551879882812,0.1131380447783531,195,True
2015-04,481,2851,24.01677894592285,86.21887969970703,0.1177002661312237,195,True
2015-04,481,2852,24.01677894592285,86.31224060058594,0.1221066914689846,195,True
2015-04,481,2853,24.01677894592285,86.40560150146484,0.1504066587640689,195,True
2015-04,481,2854,24.01677894592285,86.49896240234375,0.1208410728245209,195,True
2015-04,481,2855,24.01677894592285,86.59232330322266,0.1515370611961071,195,True
2015-04,481,2856,24.01677894592285,86.68568420410156,0.152328327527413,195,True
2015-04,481,2857,24.01677894592285,86.77904510498047,0.1524571273571405,195,True
2015-04,481,2858,24.01677894592285,86.87240600585938,0.1526191053482202,195,True
2015-04,481,2859,24.01677894592285,86.96576690673828,0.1582279230539615,195,True
2015-04,481,2860,24.01677894592285,87.05912780761719,0.1097783723893838,195,True
2015-04,481,2861,24.01677894592285,87.1524887084961,0.108426678352631,195,True
2015-04,481,2863,24.01677894592285,87.3392105102539,0.1044165121439175,195,True
2015-04,481,2864,24.01677894592285,87.43257904052734,0.1012253907628548,195,True
2015-04,482,2823,23.93967056274414,83.60477447509766,0.0766477853250809,195,True
2015-04,482,2824,23.93967056274414,83.69813537597656,0.0722756335368523,195,True
2015-04,482,2825,23.93967056274414,83.79149627685547,0.0747200132753604,195,True
2015-04,482,2826,23.93967056274414,83.88485717773438,0.0765359656933026,195,True
2015-04,482,2827,23.93967056274414,83.97821807861328,0.0739751496185094,195,True
2015-04,482,2828,23.93967056274414,84.07157897949219,0.074754286920413,195,True
2015-04,482,2829,23.93967056274414,84.1649398803711,0.082646367393243,195,True
2015-04,482,2830,23.93967056274414,84.25830078125,0.0843412668468096,195,True
2015-04,482,2831,23.93967056274414,84.3516616821289,0.0847165547884427,195,True
2015-04,482,2832,23.93967056274414,84.44502258300781,0.0665808188800628,195,True
2015-04,482,2833,23.93967056274414,84.53838348388672,0.068082831456111,195,True
2015-04,482,2834,23.93967056274414,84.63174438476562,0.0717124669406658,195,True
2015-04,482,2835,23.93967056274414,84.72510528564453,0.0801390745509893,195,True
2015-04,482,2836,23.93967056274414,84.81846618652344,0.0894874696166087,195,True
2015-04,482,2837,23.93967056274414,84.91182708740234,0.09186815371116,195,True
2015-04,482,2838,23.93967056274414,85.00518798828125,0.105564833814517,195,True
2015-04,482,2839,23.93967056274414,85.09854888916016,0.0993120168646176,195,True
2015-04,482,2840,23.93967056274414,85.19190979003906,0.1264930064097429,195,True
2015-04,482,2841,23.93967056274414,85.28527069091797,0.1362396165537528,195,True
2015-04,482,2842,23.93967056274414,85.37863159179688,0.1481959340090935,195,True
2015-04,482,2843,23.93967056274414,85.47199249267578,0.118507182254241,195,True
2015-04,482,2844,23.93967056274414,85.56535339355469,0.1166759710854444,195,True
2015-04,482,2845,23.93967056274414,85.6587142944336,0.1674594119955332,195,True
2015-04,482,2846,23.93967056274414,85.7520751953125,0.1707794115711481,195,True
2015-04,482,2847,23.93967056274414,85.8454360961914,0.1625952230814175,195,True
2015-04,482,2848,23.93967056274414,85.93879699707031,0.1325789156250464,195,True
2015-04,482,2849,23.93967056274414,86.03215789794922,0.1344606765187703,195,True
2015-04,482,2850,23.93967056274414,86.12551879882812,0.1204581944415202,195,True
2015-04,482,2851,23.93967056274414,86.21887969970703,0.1152421927031798,195,True
2015-04,482,2852,23.93967056274414,86.31224060058594,0.1189014068207679,195,True
2015-04,482,2853,23.93967056274414,86.40560150146484,0.1186053863129554,195,True
2015-04,482,2854,23.93967056274414,86.49896240234375,0.1194726332257955,195,True
2015-04,482,2855,23.93967056274414,86.59232330322266,0.1190437438396307,195,True
2015-04,482,2856,23.93967056274414,86.68568420410156,0.1525809191740476,195,True
2015-04,482,2857,23.93967056274414,86.77904510498047,0.1542237038795764,195,True
2015-04,482,2858,23.93967056274414,86.87240600585938,0.1559395743486208,195,True
2015-04,482,2859,23.93967056274414,86.96576690673828,0.1041408366499803,195,True
2015-04,482,2860,23.93967056274414,87.05912780761719,0.1101244729298811,195,True
2015-04,482,2861,23.93967056274414,87.1524887084961,0.1113846141558427,195,True
2015-04,482,2862,23.93967056274414,87.245849609375,0.1102501426751797,195,True
2015-04,483,2823,23.862606048583984,83.60477447509766,0.0629169096931433,195,True
2015-04,483,2824,23.862606048583984,83.69813537597656,0.0778503343462944,195,True
2015-04,483,2825,23.862606048583984,83.79149627685547,0.0774530580983712,195,True
2015-04,483,2826,23.862606048583984,83.88485717773438,0.0782645909067911,195,True
2015-04,483,2827,23.862606048583984,83.97821807861328,0.0774043864164596,195,True
2015-04,483,2828,23.862606048583984,84.07157897949219,0.0793960105723295,195,True
2015-04,483,2829,23.862606048583984,84.1649398803711,0.0831398131946722,195,True
2015-04,483,2830,23.862606048583984,84.25830078125,0.085447098658635,195,True
2015-04,483,2831,23.862606048583984,84.3516616821289,0.0885503450838419,195,True
2015-04,483,2832,23.862606048583984,84.44502258300781,0.0717376636006893,195,True
2015-04,483,2833,23.862606048583984,84.53838348388672,0.0722406558692455,195,True
2015-04,483,2834,23.862606048583984,84.63174438476562,0.0780224066896316,195,True
2015-04,483,2835,23.862606048583984,84.72510528564453,0.0833702600728242,195,True
2015-04,483,2836,23.862606048583984,84.81846618652344,0.090905832632994,195,True
2015-04,483,2837,23.862606048583984,84.91182708740234,0.0985593282450468,195,True
2015-04,483,2838,23.862606048583984,85.00518798828125,0.1086106444971683,195,True
2015-04,483,2839,23.862606048583984,85.09854888916016,0.1087887420486181,195,True
2015-04,483,2840,23.862606048583984,85.19190979003906,0.1065840427692119,195,True
2015-04,483,2841,23.862606048583984,85.28527069091797,0.1350257211961807,195,True
2015-04,483,2842,23.862606048583984,85.37863159179688,0.1327646034077192,195,True
2015-04,483,2843,23.862606048583984,85.47199249267578,0.1661161690186231,195,True
2015-04,483,2844,23.862606048583984,85.56535339355469,0.1560283097319114,195,True
2015-04,483,2845,23.862606048583984,85.6587142944336,0.1545726995055492,195,True
2015-04,483,2846,23.862606048583984,85.7520751953125,0.1582021002968152,195,True
2015-04,483,2847,23.862606048583984,85.8454360961914,0.1570729499061902,195,True
2015-04,483,2848,23.862606048583984,85.93879699707031,0.1281817238300274,195,True
2015-04,483,2849,23.862606048583984,86.03215789794922,0.1251186981415137,195,True
2015-04,483,2850,23.862606048583984,86.12551879882812,0.1294179205902111,195,True
2015-04,483,2851,23.862606048583984,86.21887969970703,0.1217624687613585,195,True
2015-04,483,2852,23.862606048583984,86.31224060058594,0.1200225755763359,195,True
2015-04,483,2853,23.862606048583984,86.40560150146484,0.1187125107225699,195,True
2015-04,483,2854,23.862606048583984,86.49896240234375,0.098546182230497,195,True
2015-04,483,2855,23.862606048583984,86.59232330322266,0.0979899796919945,195,True
2015-04,483,2856,23.862606048583984,86.68568420410156,0.1019918514367861,195,True
2015-04,483,2857,23.862606048583984,86.77904510498047,0.1021137652870936,195,True
2015-04,483,2858,23.862606048583984,86.87240600585938,0.1017442677647639,195,True
2015-04,483,2860,23.862606048583984,87.05912780761719,0.108903143975215,195,True
2015-04,483,2862,23.862606048583984,87.245849609375,0.1121177402444374,195,True
2015-04,484,2825,23.785587310791016,83.79149627685547,0.0642720466622939,195,True
2015-04,484,2826,23.785587310791016,83.88485717773438,0.0596202287727441,195,True
2015-04,484,2827,23.785587310791016,83.97821807861328,0.063079904898619,195,True
2015-04,484,2828,23.785587310791016,84.07157897949219,0.0624422831986195,195,True
2015-04,484,2829,23.785587310791016,84.1649398803711,0.0662261108748423,195,True
2015-04,484,2830,23.785587310791016,84.25830078125,0.0672288871919497,195,True
2015-04,484,2831,23.785587310791016,84.3516616821289,0.0682978631403201,195,True
2015-04,484,2832,23.785587310791016,84.44502258300781,0.0728612582270915,195,True
2015-04,484,2833,23.785587310791016,84.53838348388672,0.0757497861026189,195,True
2015-04,484,2834,23.785587310791016,84.63174438476562,0.0825932356409537,195,True
2015-04,484,2835,23.785587310791016,84.72510528564453,0.0826362732320259,195,True
2015-04,484,2836,23.785587310791016,84.81846618652344,0.091841626778627,195,True
2015-04,484,2837,23.785587310791016,84.91182708740234,0.0983638592446461,195,True
2015-04,484,2838,23.785587310791016,85.00518798828125,0.1222512976481364,195,True
2015-04,484,2839,23.785587310791016,85.09854888916016,0.120927695547923,195,True
2015-04,484,2840,23.785587310791016,85.19190979003906,0.1187083632518083,195,True
2015-04,484,2841,23.785587310791016,85.28527069091797,0.107924390431398,195,True
2015-04,484,2842,23.785587310791016,85.37863159179688,0.1069864052228438,195,True
2015-04,484,2843,23.785587310791016,85.47199249267578,0.1663013090307896,195,True
2015-04,484,2844,23.785587310791016,85.56535339355469,0.1638486346755272,195,True
2015-04,484,2845,23.785587310791016,85.6587142944336,0.1571936116386682,195,True
2015-04,484,2846,23.785587310791016,85.7520751953125,0.1540776887001135,195,True
2015-04,484,2847,23.785587310791016,85.8454360961914,0.1267962258977767,195,True
2015-04,484,2848,23.785587310791016,85.93879699707031,0.1205753350105041,195,True
2015-04,484,2849,23.785587310791016,86.03215789794922,0.1203617120209412,195,True
2015-04,484,2850,23.785587310791016,86.12551879882812,0.1226955241499803,195,True
2015-04,484,2851,23.785587310791016,86.21887969970703,0.116193949832366,195,True
2015-04,484,2852,23.785587310791016,86.31224060058594,0.1117780562585745,195,True
2015-04,484,2853,23.785587310791016,86.40560150146484,0.0881916462610929,195,True
2015-04,484,2854,23.785587310791016,86.49896240234375,0.0942619836483246,195,True
2015-04,484,2855,23.785587310791016,86.59232330322266,0.0964277144234914,195,True
2015-04,484,2856,23.785587310791016,86.68568420410156,0.1002867013407059,195,True
2015-04,484,2857,23.785587310791016,86.77904510498047,0.1024417900886291,195,True
2015-04,485,2825,23.70861053466797,83.79149627685547,0.0674169222322794,195,True
2015-04,485,2826,23.70861053466797,83.88485717773438,0.0841435284186632,195,True
2015-04,485,2827,23.70861053466797,83.97821807861328,0.0813099321264487,195,True
2015-04,485,2828,23.70861053466797,84.07157897949219,0.0872026417499933,195,True
2015-04,485,2829,23.70861053466797,84.1649398803711,0.0918744135361451,195,True
2015-04,485,2830,23.70861053466797,84.25830078125,0.0900108851110323,195,True
2015-04,485,2831,23.70861053466797,84.3516616821289,0.1114070718105022,195,True
2015-04,485,2832,23.70861053466797,84.44502258300781,0.0760843057089891,195,True
2015-04,485,2833,23.70861053466797,84.53838348388672,0.0792449878194393,195,True
2015-04,485,2834,23.70861053466797,84.63174438476562,0.081669257256465,195,True
2015-04,485,2835,23.70861053466797,84.72510528564453,0.1075150634806889,195,True
2015-04,485,2836,23.70861053466797,84.81846618652344,0.1121837052397238,195,True
2015-04,485,2837,23.70861053466797,84.91182708740234,0.1193723945854566,195,True
2015-04,485,2838,23.70861053466797,85.00518798828125,0.1234481343092062,195,True
2015-04,485,2839,23.70861053466797,85.09854888916016,0.1714573712685169,195,True
2015-04,485,2840,23.70861053466797,85.19190979003906,0.1538410600943443,195,True
2015-04,485,2841,23.70861053466797,85.28527069091797,0.15721833889301,195,True
2015-04,485,2842,23.70861053466797,85.37863159179688,0.1606622867095165,195,True
2015-04,485,2843,23.70861053466797,85.47199249267578,0.162463762706671,195,True
2015-04,485,2844,23.70861053466797,85.56535339355469,0.1629448448618253,195,True
2015-04,485,2845,23.70861053466797,85.6587142944336,0.1619690648638285,195,True
2015-04,485,2846,23.70861053466797,85.7520751953125,0.1047903914100084,195,True
2015-04,485,2847,23.70861053466797,85.8454360961914,0.1037500551686837,195,True
2015-04,485,2848,23.70861053466797,85.93879699707031,0.0980870099594959,195,True
2015-04,485,2849,23.70861053466797,86.03215789794922,0.0972203890291544,195,True
2015-04,485,2850,23.70861053466797,86.12551879882812,0.0928005048288748,195,True
2015-04,485,2851,23.70861053466797,86.21887969970703,0.0933554554214844,195,True
2015-04,485,2852,23.70861053466797,86.31224060058594,0.0916869262090096,195,True
2015-04,485,2853,23.70861053466797,86.40560150146484,0.0887775836655726,195,True
2015-04,485,2854,23.70861053466797,86.49896240234375,0.0934795599335279,195,True
2015-04,485,2855,23.70861053466797,86.59232330322266,0.0968979198390092,195,True
2015-04,485,2856,23.70861053466797,86.68568420410156,0.1017037341609979,195,True
2015-04,485,2857,23.70861053466797,86.77904510498047,0.1019287035442315,195,True
2015-04,486,2825,23.631681442260746,83.79149627685547,0.0760213925288273,195,True
2015-04,486,2826,23.631681442260746,83.88485717773438,0.0730903747563178,195,True
2015-04,486,2827,23.631681442260746,83.97821807861328,0.0731073550497874,195,True
2015-04,486,2828,23.631681442260746,84.07157897949219,0.0747157880128958,195,True
2015-04,486,2829,23.631681442260746,84.1649398803711,0.0976671194036801,195,True
2015-04,486,2830,23.631681442260746,84.25830078125,0.0961108010548811,195,True
2015-04,486,2831,23.631681442260746,84.3516616821289,0.0761068417857854,195,True
2015-04,486,2832,23.631681442260746,84.44502258300781,0.0954880077869464,195,True
2015-04,486,2833,23.631681442260746,84.53838348388672,0.0995459848107435,195,True
2015-04,486,2834,23.631681442260746,84.63174438476562,0.1039581224322319,195,True
2015-04,486,2835,23.631681442260746,84.72510528564453,0.1083974910470155,195,True
2015-04,486,2836,23.631681442260746,84.81846618652344,0.0901357724307439,195,True
2015-04,486,2837,23.631681442260746,84.91182708740234,0.1157422113112914,195,True
2015-04,486,2838,23.631681442260746,85.00518798828125,0.1662875368809088,195,True
2015-04,486,2839,23.631681442260746,85.09854888916016,0.1697158348483917,195,True
2015-04,486,2840,23.631681442260746,85.19190979003906,0.1226563204939548,195,True
2015-04,486,2841,23.631681442260746,85.28527069091797,0.124459596341237,195,True
2015-04,486,2842,23.631681442260746,85.37863159179688,0.1550999493935169,195,True
2015-04,486,2843,23.631681442260746,85.47199249267578,0.1569015819292802,195,True
2015-04,486,2844,23.631681442260746,85.56535339355469,0.1586595509678889,195,True
2015-04,486,2845,23.631681442260746,85.6587142944336,0.1598353384014887,195,True
2015-04,486,2846,23.631681442260746,85.7520751953125,0.1070567519618914,195,True
2015-04,486,2847,23.631681442260746,85.8454360961914,0.1049652806459329,195,True
2015-04,486,2848,23.631681442260746,85.93879699707031,0.1032959692371197,195,True
2015-04,486,2849,23.631681442260746,86.03215789794922,0.1015923842214621,195,True
2015-04,486,2850,23.631681442260746,86.12551879882812,0.101198238096176,195,True
2015-04,486,2851,23.631681442260746,86.21887969970703,0.0994266535036074,195,True
2015-04,486,2852,23.631681442260746,86.31224060058594,0.0985358531467425,195,True
2015-04,486,2853,23.631681442260746,86.40560150146484,0.0956601583422758,195,True
2015-04,487,2828,23.55479431152344,84.07157897949219,0.0775455890939785,195,True
2015-04,487,2829,23.55479431152344,84.1649398803711,0.1101725969177026,195,True
2015-04,487,2830,23.55479431152344,84.25830078125,0.1119505980075934,195,True
2015-04,487,2831,23.55479431152344,84.3516616821289,0.0803470245538613,195,True
2015-04,487,2832,23.55479431152344,84.44502258300781,0.1006895333146437,195,True
2015-04,487,2833,23.55479431152344,84.53838348388672,0.1058550637119855,195,True
2015-04,487,2834,23.55479431152344,84.63174438476562,0.1084273825089136,195,True
2015-04,487,2835,23.55479431152344,84.72510528564453,0.1175285069033121,195,True
2015-04,487,2836,23.55479431152344,84.81846618652344,0.096990333402004,195,True
2015-04,487,2837,23.55479431152344,84.91182708740234,0.1717245172231625,195,True
2015-04,487,2838,23.55479431152344,85.00518798828125,0.1695194266545467,195,True
2015-04,487,2839,23.55479431152344,85.09854888916016,0.1694320995456133,195,True
2015-04,487,2840,23.55479431152344,85.19190979003906,0.1231867004854556,195,True
2015-04,487,2841,23.55479431152344,85.28527069091797,0.1186614129978876,195,True
2015-04,487,2842,23.55479431152344,85.37863159179688,0.119032397121191,195,True
2015-04,487,2843,23.55479431152344,85.47199249267578,0.1192290399128045,195,True
2015-04,487,2844,23.55479431152344,85.56535339355469,0.1550390706612513,195,True
2015-04,487,2845,23.55479431152344,85.6587142944336,0.1077272778902298,195,True
2015-04,487,2846,23.55479431152344,85.7520751953125,0.1092109015545784,195,True
2015-04,487,2847,23.55479431152344,85.8454360961914,0.0982672200944179,195,True
2015-04,487,2848,23.55479431152344,85.93879699707031,0.1076365078871066,195,True
2015-04,487,2851,23.55479431152344,86.21887969970703,0.1022978097582474,195,True
2015-04,487,2852,23.55479431152344,86.31224060058594,0.1003316951867861,195,True
2015-04,488,2828,23.47795295715332,84.07157897949219,0.1090535404208379,195,True
2015-04,488,2829,23.47795295715332,84.1649398803711,0.0878000039320725,195,True
2015-04,488,2830,23.47795295715332,84.25830078125,0.138651600632912,195,True
2015-04,488,2831,23.47795295715332,84.3516616821289,0.0853686527755016,195,True
2015-04,488,2832,23.47795295715332,84.44502258300781,0.1297241915877048,195,True
2015-04,488,2833,23.47795295715332,84.53838348388672,0.1083852056127328,195,True
2015-04,488,2834,23.47795295715332,84.63174438476562,0.1156885313873107,195,True
2015-04,488,2835,23.47795295715332,84.72510528564453,0.1631072921630663,195,True
2015-04,488,2836,23.47795295715332,84.81846618652344,0.1681861997032777,195,True
2015-04,488,2837,23.47795295715332,84.91182708740234,0.1712230899395087,195,True
2015-04,488,2838,23.47795295715332,85.00518798828125,0.1713761472549194,195,True
2015-04,488,2839,23.47795295715332,85.09854888916016,0.1698485470353028,195,True
2015-04,488,2840,23.47795295715332,85.19190979003906,0.1681797833014757,195,True
2015-04,488,2841,23.47795295715332,85.28527069091797,0.1655823461520366,195,True
2015-04,488,2842,23.47795295715332,85.37863159179688,0.1222125636079372,195,True
2015-04,488,2843,23.47795295715332,85.47199249267578,0.1237709163664243,195,True
2015-04,488,2844,23.47795295715332,85.56535339355469,0.1283490225863762,195,True
2015-04,488,2845,23.47795295715332,85.6587142944336,0.0987557359039783,195,True
2015-04,488,2846,23.47795295715332,85.7520751953125,0.1014581848986637,195,True
2015-04,488,2847,23.47795295715332,85.8454360961914,0.1252966388295858,195,True
2015-04,488,2848,23.47795295715332,85.93879699707031,0.1228240109598025,195,True
2015-04,488,2851,23.47795295715332,86.21887969970703,0.1064286377949592,195,True
2015-04,488,2852,23.47795295715332,86.31224060058594,0.10546936858923,195,True
2015-04,489,2827,23.401153564453125,83.97821807861328,0.1121527962004527,195,True
2015-04,489,2828,23.401153564453125,84.07157897949219,0.1075113073373452,195,True
2015-04,489,2829,23.401153564453125,84.1649398803711,0.0869096730955136,195,True
2015-04,489,2830,23.401153564453125,84.25830078125,0.1075003523666125,195,True
2015-04,489,2831,23.401153564453125,84.3516616821289,0.1124404438986228,195,True
2015-04,489,2832,23.401153564453125,84.44502258300781,0.1080821425677874,195,True
2015-04,489,2833,23.401153564453125,84.53838348388672,0.1087493036419917,195,True
2015-04,489,2834,23.401153564453125,84.63174438476562,0.1176073045111619,195,True
2015-04,489,2835,23.401153564453125,84.72510528564453,0.1669833375857426,195,True
2015-04,489,2836,23.401153564453125,84.81846618652344,0.1683027924635471,195,True
2015-04,489,2837,23.401153564453125,84.91182708740234,0.1739493268422591,195,True
2015-04,489,2838,23.401153564453125,85.00518798828125,0.1714121423470668,195,True
2015-04,489,2839,23.401153564453125,85.09854888916016,0.1698066048897229,195,True
2015-04,489,2840,23.401153564453125,85.19190979003906,0.1670885059695977,195,True
2015-04,489,2841,23.401153564453125,85.28527069091797,0.1644319115158839,195,True
2015-04,489,2842,23.401153564453125,85.37863159179688,0.1656728031925666,195,True
2015-04,489,2843,23.401153564453125,85.47199249267578,0.1681849477764887,195,True
2015-04,489,2844,23.401153564453125,85.56535339355469,0.1673130840063095,195,True
2015-04,489,2845,23.401153564453125,85.6587142944336,0.1191849069908643,195,True
2015-04,489,2846,23.401153564453125,85.7520751953125,0.1207409903980218,195,True
2015-04,489,2847,23.401153564453125,85.8454360961914,0.1265732909433352,195,True
2015-04,490,2828,23.324398040771484,84.07157897949219,0.0888946458888359,195,True
2015-04,490,2829,23.324398040771484,84.1649398803711,0.086749573262074,195,True
2015-04,490,2830,23.324398040771484,84.25830078125,0.1095939363997716,195,True
2015-04,490,2831,23.324398040771484,84.3516616821289,0.1137917464933334,195,True
2015-04,490,2832,23.324398040771484,84.44502258300781,0.1109151909939753,195,True
2015-04,490,2833,23.324398040771484,84.53838348388672,0.1162232148914765,195,True
2015-04,490,2834,23.324398040771484,84.63174438476562,0.1585140054424604,195,True
2015-04,490,2835,23.324398040771484,84.72510528564453,0.1674562817582717,195,True
2015-04,490,2836,23.324398040771484,84.81846618652344,0.164512978761624,195,True
2015-04,490,2837,23.324398040771484,84.91182708740234,0.1666596947190089,195,True
2015-04,490,2838,23.324398040771484,85.00518798828125,0.1671902311918063,195,True
2015-04,490,2839,23.324398040771484,85.09854888916016,0.1661441825139216,195,True
2015-04,490,2840,23.324398040771484,85.19190979003906,0.1650173795146819,195,True
2015-04,490,2841,23.324398040771484,85.28527069091797,0.1627154150452369,195,True
2015-04,490,2842,23.324398040771484,85.37863159179688,0.1642934086231084,195,True
2015-04,490,2843,23.324398040771484,85.47199249267578,0.1661934801019155,195,True
2015-04,490,2844,23.324398040771484,85.56535339355469,0.1666072671612103,195,True
2015-04,490,2845,23.324398040771484,85.6587142944336,0.1220513682907972,195,True
2015-04,490,2846,23.324398040771484,85.7520751953125,0.1260935389269621,195,True
2015-04,490,2847,23.324398040771484,85.8454360961914,0.1286339317185756,195,True
2015-04,491,2828,23.2476863861084,84.07157897949219,0.1091796797819626,195,True
2015-04,491,2829,23.2476863861084,84.1649398803711,0.0910605331835074,195,True
2015-04,491,2830,23.2476863861084,84.25830078125,0.1141745465497175,195,True
2015-04,491,2831,23.2476863861084,84.3516616821289,0.1134450981059135,195,True
2015-04,491,2832,23.2476863861084,84.44502258300781,0.1145349668959776,195,True
2015-04,491,2833,23.2476863861084,84.53838348388672,0.1581717391044665,195,True
2015-04,491,2834,23.2476863861084,84.63174438476562,0.1582991303923802,195,True
2015-04,491,2835,23.2476863861084,84.72510528564453,0.1593379800518354,195,True
2015-04,491,2836,23.2476863861084,84.81846618652344,0.1627665907526627,195,True
2015-04,491,2837,23.2476863861084,84.91182708740234,0.1646956147291721,195,True
2015-04,491,2838,23.2476863861084,85.00518798828125,0.1644478746713736,195,True
2015-04,491,2839,23.2476863861084,85.09854888916016,0.1647516419108097,195,True
2015-04,491,2840,23.2476863861084,85.19190979003906,0.1642455195769285,195,True
2015-04,491,2841,23.2476863861084,85.28527069091797,0.1654505726236563,195,True
2015-04,491,2842,23.2476863861084,85.37863159179688,0.1655994045810821,195,True
2015-04,491,2843,23.2476863861084,85.47199249267578,0.164618459993448,195,True
2015-04,491,2844,23.2476863861084,85.56535339355469,0.1638419050818834,195,True
2015-04,491,2845,23.2476863861084,85.6587142944336,0.1700352520896838,195,True
2015-04,491,2846,23.2476863861084,85.7520751953125,0.129364788532257,195,True
2015-04,492,2828,23.17101669311523,84.07157897949219,0.110575272123783,195,True
2015-04,492,2829,23.17101669311523,84.1649398803711,0.1170530585715403,195,True
2015-04,492,2830,23.17101669311523,84.25830078125,0.0924289727249206,195,True
2015-04,492,2831,23.17101669311523,84.3516616821289,0.1109986057457251,195,True
2015-04,492,2832,23.17101669311523,84.44502258300781,0.1119523189388788,195,True
2015-04,492,2833,23.17101669311523,84.53838348388672,0.1574842328444505,195,True
2015-04,492,2834,23.17101669311523,84.63174438476562,0.1567491505772639,195,True
2015-04,492,2835,23.17101669311523,84.72510528564453,0.1571682585737644,195,True
2015-04,492,2836,23.17101669311523,84.81846618652344,0.1589525195650565,195,True
2015-04,492,2837,23.17101669311523,84.91182708740234,0.1605887312537584,195,True
2015-04,492,2838,23.17101669311523,85.00518798828125,0.161183119775393,195,True
2015-04,492,2839,23.17101669311523,85.09854888916016,0.1624831684888937,195,True
2015-04,492,2840,23.17101669311523,85.19190979003906,0.1621659421767944,195,True
2015-04,492,2841,23.17101669311523,85.28527069091797,0.1641433247006856,195,True
2015-04,492,2842,23.17101669311523,85.37863159179688,0.164825040484086,195,True
2015-04,492,2843,23.17101669311523,85.47199249267578,0.162386764280307,195,True
2015-04,492,2844,23.17101669311523,85.56535339355469,0.1650912477802007,195,True
2015-04,492,2845,23.17101669311523,85.6587142944336,0.1699195982171939,195,True
2015-04,492,2846,23.17101669311523,85.7520751953125,0.1715218492425405,195,True
2015-04,492,2847,23.17101669311523,85.8454360961914,0.1731701116531323,195,True
2015-04,493,2829,23.094390869140625,84.1649398803711,0.112767608043475,195,True
2015-04,493,2830,23.094390869140625,84.25830078125,0.0925657540368728,195,True
2015-04,493,2831,23.094390869140625,84.3516616821289,0.1127246487026031,195,True
2015-04,493,2832,23.094390869140625,84.44502258300781,0.1086726183501573,195,True
2015-04,493,2833,23.094390869140625,84.53838348388672,0.1573200639241781,195,True
2015-04,493,2834,23.094390869140625,84.63174438476562,0.1558444216465338,195,True
2015-04,493,2835,23.094390869140625,84.72510528564453,0.1546971172476426,195,True
2015-04,493,2836,23.094390869140625,84.81846618652344,0.1547465712596208,195,True
2015-04,493,2837,23.094390869140625,84.91182708740234,0.1543935063557747,195,True
2015-04,493,2838,23.094390869140625,85.00518798828125,0.1541017896089798,195,True
2015-04,493,2839,23.094390869140625,85.09854888916016,0.1573748389879862,195,True
2015-04,493,2840,23.094390869140625,85.19190979003906,0.1578950462050927,195,True
2015-04,493,2841,23.094390869140625,85.28527069091797,0.1590248225973202,195,True
2015-04,493,2842,23.094390869140625,85.37863159179688,0.1618524718743104,195,True
2015-04,493,2843,23.094390869140625,85.47199249267578,0.1151761491329242,195,True
2015-04,493,2844,23.094390869140625,85.56535339355469,0.1173666852215925,195,True
2015-04,493,2845,23.094390869140625,85.6587142944336,0.1659959766345146,195,True
2015-04,493,2846,23.094390869140625,85.7520751953125,0.1684628925262353,195,True
2015-04,493,2847,23.094390869140625,85.8454360961914,0.1707700215471096,195,True
2015-04,493,2848,23.094390869140625,85.93879699707031,0.1731392808831655,195,True
2015-04,493,2849,23.094390869140625,86.03215789794922,0.1754845961164205,195,True
2015-04,494,2829,23.01780891418457,84.1649398803711,0.110321584993448,195,True
2015-04,494,2830,23.01780891418457,84.25830078125,0.0894704890938905,195,True
2015-04,494,2831,23.01780891418457,84.3516616821289,0.0886190487406192,195,True
2015-04,494,2832,23.01780891418457,84.44502258300781,0.1085491396486759,195,True
2015-04,494,2833,23.01780891418457,84.53838348388672,0.1546756766545466,195,True
2015-04,494,2834,23.01780891418457,84.63174438476562,0.1536236809232296,195,True
2015-04,494,2835,23.01780891418457,84.72510528564453,0.1515281405968543,195,True
2015-04,494,2836,23.01780891418457,84.81846618652344,0.1507702090801337,195,True
2015-04,494,2837,23.01780891418457,84.91182708740234,0.1511204569767683,195,True
2015-04,494,2838,23.01780891418457,85.00518798828125,0.1502384207187554,195,True
2015-04,494,2839,23.01780891418457,85.09854888916016,0.1519952941399354,195,True
2015-04,494,2840,23.01780891418457,85.19190979003906,0.1545748902437014,195,True
2015-04,494,2841,23.01780891418457,85.28527069091797,0.1549248251395348,195,True
2015-04,494,2842,23.01780891418457,85.37863159179688,0.1132874240477879,195,True
2015-04,494,2843,23.01780891418457,85.47199249267578,0.1133963484221544,195,True
2015-04,494,2844,23.01780891418457,85.56535339355469,0.1149848274886608,195,True
2015-04,494,2845,23.01780891418457,85.6587142944336,0.1658319641764347,195,True
2015-04,494,2846,23.01780891418457,85.7520751953125,0.1682810390988985,195,True
2015-04,494,2847,23.01780891418457,85.8454360961914,0.1702966078733786,195,True
2015-04,494,2848,23.01780891418457,85.93879699707031,0.171385850585424,195,True
2015-04,494,2849,23.01780891418457,86.03215789794922,0.1726464612743793,195,True
2015-04,494,2850,23.01780891418457,86.12551879882812,0.1297268522855563,195,True
2015-04,495,2832,22.941267013549805,84.44502258300781,0.0871931734566505,195,True
2015-04,495,2833,22.941267013549805,84.53838348388672,0.0851858993753408,195,True
2015-04,495,2834,22.941267013549805,84.63174438476562,0.152984220171586,195,True
2015-04,495,2835,22.941267013549805,84.72510528564453,0.1503931996149894,195,True
2015-04,495,2836,22.941267013549805,84.81846618652344,0.1500351266219065,195,True
2015-04,495,2837,22.941267013549805,84.91182708740234,0.1493354133306405,195,True
2015-04,495,2838,22.941267013549805,85.00518798828125,0.1470171729150491,195,True
2015-04,495,2839,22.941267013549805,85.09854888916016,0.1504910122889738,195,True
2015-04,495,2840,22.941267013549805,85.19190979003906,0.1542296502834711,195,True
2015-04,495,2841,22.941267013549805,85.28527069091797,0.1552706909485352,195,True
2015-04,495,2842,22.941267013549805,85.37863159179688,0.1565627582562275,195,True
2015-04,495,2843,22.941267013549805,85.47199249267578,0.156110159212198,195,True
2015-04,495,2844,22.941267013549805,85.56535339355469,0.1588669136930734,195,True
2015-04,495,2845,22.941267013549805,85.6587142944336,0.1599702415175927,195,True
2015-04,495,2846,22.941267013549805,85.7520751953125,0.161526638116592,195,True
2015-04,495,2847,22.941267013549805,85.8454360961914,0.1649702729322971,195,True
2015-04,495,2848,22.941267013549805,85.93879699707031,0.1674400058694375,195,True
2015-04,495,2849,22.941267013549805,86.03215789794922,0.1729001484238184,195,True
2015-04,495,2850,22.941267013549805,86.12551879882812,0.1280183374881744,195,True
2015-04,495,2851,22.941267013549805,86.21887969970703,0.1247312813233106,195,True
2015-04,495,2852,22.941267013549805,86.31224060058594,0.1329425442295196,195,True
2015-04,495,2853,22.941267013549805,86.40560150146484,0.1178996476416404,195,True
2015-04,496,2832,22.864768981933594,84.44502258300781,0.1043867769722755,195,True
2015-04,496,2833,22.864768981933594,84.53838348388672,0.1034419840153975,195,True
2015-04,496,2834,22.864768981933594,84.63174438476562,0.1088815468244063,195,True
2015-04,496,2835,22.864768981933594,84.72510528564453,0.1507775644843395,195,True
2015-04,496,2836,22.864768981933594,84.81846618652344,0.1496830006822561,195,True
2015-04,496,2837,22.864768981933594,84.91182708740234,0.1482254342008859,195,True
2015-04,496,2838,22.864768981933594,85.00518798828125,0.1493559931715329,195,True
2015-04,496,2839,22.864768981933594,85.09854888916016,0.1524095507386403,195,True
2015-04,496,2840,22.864768981933594,85.19190979003906,0.1512213996969736,195,True
2015-04,496,2841,22.864768981933594,85.28527069091797,0.1533671766519546,195,True
2015-04,496,2842,22.864768981933594,85.37863159179688,0.1093885297385545,195,True
2015-04,496,2843,22.864768981933594,85.47199249267578,0.1080632059811017,195,True
2015-04,496,2844,22.864768981933594,85.56535339355469,0.1116626368501247,195,True
2015-04,496,2845,22.864768981933594,85.6587142944336,0.1144252602106485,195,True
2015-04,496,2846,22.864768981933594,85.7520751953125,0.1208533577429942,195,True
2015-04,496,2847,22.864768981933594,85.8454360961914,0.1191947665352087,195,True
2015-04,496,2848,22.864768981933594,85.93879699707031,0.1179408071896968,195,True
2015-04,496,2849,22.864768981933594,86.03215789794922,0.2148992219032385,195,True
2015-04,496,2850,22.864768981933594,86.12551879882812,0.2202775145952518,195,True
2015-04,496,2851,22.864768981933594,86.21887969970703,0.1308627323080332,195,True
2015-04,496,2852,22.864768981933594,86.31224060058594,0.1311164193237439,195,True
2015-04,496,2853,22.864768981933594,86.40560150146484,0.1382327273105963,195,True
2015-04,497,2831,22.788312911987305,84.3516616821289,0.1009893097174473,195,True
2015-04,497,2832,22.788312911987305,84.44502258300781,0.0997914557273571,195,True
2015-04,497,2833,22.788312911987305,84.53838348388672,0.101576812316974,195,True
2015-04,497,2834,22.788312911987305,84.63174438476562,0.1057214124271502,195,True
2015-04,497,2835,22.788312911987305,84.72510528564453,0.1508744382323363,195,True
2015-04,497,2836,22.788312911987305,84.81846618652344,0.1492480860688747,195,True
2015-04,497,2837,22.788312911987305,84.91182708740234,0.148494693216605,195,True
2015-04,497,2838,22.788312911987305,85.00518798828125,0.1464820981025695,195,True
2015-04,497,2839,22.788312911987305,85.09854888916016,0.1503063418926336,195,True
2015-04,497,2840,22.788312911987305,85.19190979003906,0.1484610456686753,195,True
2015-04,497,2841,22.788312911987305,85.28527069091797,0.1047864790528248,195,True
2015-04,497,2842,22.788312911987305,85.37863159179688,0.1066904629270235,195,True
2015-04,497,2843,22.788312911987305,85.47199249267578,0.1134051906756865,195,True
2015-04,497,2844,22.788312911987305,85.56535339355469,0.1160904245116771,195,True
2015-04,497,2845,22.788312911987305,85.6587142944336,0.1654114474088718,195,True
2015-04,497,2846,22.788312911987305,85.7520751953125,0.1682732137349935,195,True
2015-04,497,2847,22.788312911987305,85.8454360961914,0.1702872176200915,195,True
2015-04,497,2848,22.788312911987305,85.93879699707031,0.124522196711638,195,True
2015-04,497,2849,22.788312911987305,86.03215789794922,0.2137282858292261,195,True
2015-04,497,2850,22.788312911987305,86.12551879882812,0.2206258845634949,195,True
2015-04,497,2851,22.788312911987305,86.21887969970703,0.2210490616468282,195,True
2015-04,497,2852,22.788312911987305,86.31224060058594,0.143787787319758,195,True
2015-04,497,2853,22.788312911987305,86.40560150146484,0.141695298655675,195,True
2015-04,498,2830,22.711898803710938,84.25830078125,0.1012782877836472,195,True
2015-04,498,2831,22.711898803710938,84.3516616821289,0.1010674817248796,195,True
2015-04,498,2832,22.711898803710938,84.44502258300781,0.1055646772568042,195,True
2015-04,498,2833,22.711898803710938,84.53838348388672,0.1051473689193909,195,True
2015-04,498,2834,22.711898803710938,84.63174438476562,0.0997969332795876,195,True
2015-04,498,2835,22.711898803710938,84.72510528564453,0.1490607551657236,195,True
2015-04,498,2836,22.711898803710938,84.81846618652344,0.1479093817564157,195,True
2015-04,498,2837,22.711898803710938,84.91182708740234,0.1468894686454381,195,True
2015-04,498,2838,22.711898803710938,85.00518798828125,0.14448515299039,195,True
2015-04,498,2839,22.711898803710938,85.09854888916016,0.1029605107143139,195,True
2015-04,498,2840,22.711898803710938,85.19190979003906,0.1034053630171678,195,True
2015-04,498,2841,22.711898803710938,85.28527069091797,0.1228014746728616,195,True
2015-04,498,2842,22.711898803710938,85.37863159179688,0.1122781532124067,195,True
2015-04,498,2843,22.711898803710938,85.47199249267578,0.1114937730133533,195,True
2015-04,498,2844,22.711898803710938,85.56535339355469,0.1652757614850998,195,True
2015-04,498,2845,22.711898803710938,85.6587142944336,0.1691489899387726,195,True
2015-04,498,2846,22.711898803710938,85.7520751953125,0.1708388814177268,195,True
2015-04,498,2847,22.711898803710938,85.8454360961914,0.1720490991305082,195,True
2015-04,498,2848,22.711898803710938,85.93879699707031,0.2119867493708928,195,True
2015-04,498,2849,22.711898803710938,86.03215789794922,0.2182323672832586,195,True
2015-04,498,2850,22.711898803710938,86.12551879882812,0.2224760322234569,195,True
2015-04,498,2851,22.711898803710938,86.21887969970703,0.2280123902437014,195,True
2015-04,498,2852,22.711898803710938,86.31224060058594,0.2354073470219587,195,True
2015-04,498,2853,22.711898803710938,86.40560150146484,0.2416698673596748,195,True
2015-04,499,2829,22.63552474975586,84.1649398803711,0.0783734370500613,195,True
2015-04,499,2830,22.63552474975586,84.25830078125,0.0834453802460279,195,True
2015-04,499,2831,22.63552474975586,84.3516616821289,0.0832858280684703,195,True
2015-04,499,2832,22.63552474975586,84.44502258300781,0.0835777795658661,195,True
2015-04,499,2833,22.63552474975586,84.53838348388672,0.0844058232047618,195,True
2015-04,499,2834,22.63552474975586,84.63174438476562,0.0768098415186007,195,True
2015-04,499,2835,22.63552474975586,84.72510528564453,0.0791515570038404,195,True
2015-04,499,2836,22.63552474975586,84.81846618652344,0.0819125761970495,195,True
2015-04,499,2837,22.63552474975586,84.91182708740234,0.0827871394654115,195,True
2015-04,499,2838,22.63552474975586,85.00518798828125,0.1003638561623982,195,True
2015-04,499,2839,22.63552474975586,85.09854888916016,0.102784760754842,195,True
2015-04,499,2840,22.63552474975586,85.19190979003906,0.1039906745346692,195,True
2015-04,499,2841,22.63552474975586,85.28527069091797,0.1054174103606969,195,True
2015-04,499,2842,22.63552474975586,85.37863159179688,0.1090728685450859,195,True
2015-04,499,2843,22.63552474975586,85.47199249267578,0.159612011985901,195,True
2015-04,499,2844,22.63552474975586,85.56535339355469,0.1660216423945549,195,True
2015-04,499,2845,22.63552474975586,85.6587142944336,0.1662918402598454,195,True
2015-04,499,2846,22.63552474975586,85.7520751953125,0.2098148369636291,195,True
2015-04,499,2847,22.63552474975586,85.8454360961914,0.2132313971336071,195,True
2015-04,499,2848,22.63552474975586,85.93879699707031,0.2100027937919665,195,True
2015-04,499,2849,22.63552474975586,86.03215789794922,0.2168404527963736,195,True
2015-04,499,2850,22.63552474975586,86.12551879882812,0.2227893457198754,195,True
2015-04,499,2851,22.63552474975586,86.21887969970703,0.2303279700951698,195,True
2015-04,499,2852,22.63552474975586,86.31224060058594,0.232841679530266,195,True
2015-04,499,2853,22.63552474975586,86.40560150146484,0.2372941160813356,195,True
2015-04,499,2854,22.63552474975586,86.49896240234375,0.2412404301074835,195,True
2015-04,499,2855,22.63552474975586,86.59232330322266,0.1800999493935169,195,True
2015-04,500,2828,22.559194564819336,84.07157897949219,0.0797247396447719,195,True
2015-04,500,2829,22.559194564819336,84.1649398803711,0.0804906526437172,195,True
2015-04,500,2830,22.559194564819336,84.25830078125,0.0825558319305762,195,True
2015-04,500,2831,22.559194564819336,84.3516616821289,0.0834683857285059,195,True
2015-04,500,2832,22.559194564819336,84.44502258300781,0.082204723281738,195,True
2015-04,500,2833,22.559194564819336,84.53838348388672,0.0818533798440908,195,True
2015-04,500,2834,22.559194564819336,84.63174438476562,0.0771112612615793,195,True
2015-04,500,2835,22.559194564819336,84.72510528564453,0.0771164649381087,195,True
2015-04,500,2836,22.559194564819336,84.81846618652344,0.0789282700763299,195,True
2015-04,500,2837,22.559194564819336,84.91182708740234,0.0781764029883421,195,True
2015-04,500,2838,22.559194564819336,85.00518798828125,0.0790988162924081,195,True
2015-04,500,2839,22.559194564819336,85.09854888916016,0.1031735860002346,195,True
2015-04,500,2840,22.559194564819336,85.19190979003906,0.1049553429851165,195,True
2015-04,500,2841,22.559194564819336,85.28527069091797,0.1056426927256278,195,True
2015-04,500,2842,22.559194564819336,85.37863159179688,0.1098292349622799,195,True
2015-04,500,2843,22.559194564819336,85.47199249267578,0.1626147852494166,195,True
2015-04,500,2844,22.559194564819336,85.56535339355469,0.209255347878505,195,True
2015-04,500,2845,22.559194564819336,85.6587142944336,0.1199554757812084,195,True
2015-04,500,2846,22.559194564819336,85.7520751953125,0.1283276602243765,195,True
2015-04,500,2847,22.559194564819336,85.8454360961914,0.2089033786685039,195,True
2015-04,500,2848,22.559194564819336,85.93879699707031,0.2073130214825654,195,True
2015-04,500,2849,22.559194564819336,86.03215789794922,0.2154202117369725,195,True
2015-04,500,2850,22.559194564819336,86.12551879882812,0.2215113636010732,195,True
2015-04,500,2851,22.559194564819336,86.21887969970703,0.2283576298982669,195,True
2015-04,500,2852,22.559194564819336,86.31224060058594,0.1393193876896149,195,True
2015-04,500,2853,22.559194564819336,86.40560150146484,0.1410361970846469,195,True
2015-04,500,2854,22.559194564819336,86.49896240234375,0.1805394024421007,195,True
2015-04,500,2855,22.559194564819336,86.59232330322266,0.1780271014724022,195,True
2015-04,500,2856,22.559194564819336,86.68568420410156,0.1759841454716829,195,True
2015-04,501,2829,22.4829044342041,84.1649398803711,0.0777583903800218,195,True
2015-04,501,2830,22.4829044342041,84.25830078125,0.0800332018580192,195,True
2015-04,501,2831,22.4829044342041,84.3516616821289,0.0790802709567241,195,True
2015-04,501,2832,22.4829044342041,84.44502258300781,0.0793990622728298,195,True
2015-04,501,2833,22.4829044342041,84.53838348388672,0.0796485238541395,195,True
2015-04,501,2834,22.4829044342041,84.63174438476562,0.0754604558532054,195,True
2015-04,501,2835,22.4829044342041,84.72510528564453,0.0732415932397811,195,True
2015-04,501,2836,22.4829044342041,84.81846618652344,0.0753054031672386,195,True
2015-04,501,2837,22.4829044342041,84.91182708740234,0.0791592255043677,195,True
2015-04,501,2838,22.4829044342041,85.00518798828125,0.0822047624259423,195,True
2015-04,501,2839,22.4829044342041,85.09854888916016,0.1048510354107771,195,True
2015-04,501,2840,22.4829044342041,85.19190979003906,0.1077691419957539,195,True
2015-04,501,2841,22.4829044342041,85.28527069091797,0.1066766126224627,195,True
2015-04,501,2842,22.4829044342041,85.37863159179688,0.1089619097228233,195,True
2015-04,501,2843,22.4829044342041,85.47199249267578,0.1991211639764981,195,True
2015-04,501,2844,22.4829044342041,85.56535339355469,0.2101879336895087,195,True
2015-04,501,2845,22.4829044342041,85.6587142944336,0.1204816691290873,195,True
2015-04,501,2846,22.4829044342041,85.7520751953125,0.2090000959543081,195,True
2015-04,501,2847,22.4829044342041,85.8454360961914,0.2076776676070995,195,True
2015-04,501,2848,22.4829044342041,85.93879699707031,0.2052450251502868,195,True
2015-04,501,2850,22.4829044342041,86.12551879882812,0.1345365790793529,195,True
2015-04,501,2851,22.4829044342041,86.21887969970703,0.1361353086737486,195,True
2015-04,501,2852,22.4829044342041,86.31224060058594,0.1318533796148422,195,True
2015-04,501,2853,22.4829044342041,86.40560150146484,0.145956882643394,195,True
2015-04,501,2854,22.4829044342041,86.49896240234375,0.1694502535920876,195,True
2015-04,501,2855,22.4829044342041,86.59232330322266,0.1748737749763024,195,True
2015-04,501,2856,22.4829044342041,86.68568420410156,0.178273276755443,195,True
2015-04,501,2857,22.4829044342041,86.77904510498047,0.1749668927911,195,True
2015-04,502,2829,22.406654357910156,84.1649398803711,0.0772853679859485,195,True
2015-04,502,2830,22.406654357910156,84.25830078125,0.0821578513353298,195,True
2015-04,502,2831,22.406654357910156,84.3516616821289,0.0800935719639827,195,True
2015-04,502,2832,22.406654357910156,84.44502258300781,0.0793804387920178,195,True
2015-04,502,2839,22.406654357910156,85.09854888916016,0.1025885090805017,195,True
2015-04,502,2840,22.406654357910156,85.19190979003906,0.1078967679005402,195,True
2015-04,502,2841,22.406654357910156,85.28527069091797,0.1058524813598547,195,True
2015-04,502,2842,22.406654357910156,85.37863159179688,0.1107339245864214,195,True
2015-04,502,2843,22.406654357910156,85.47199249267578,0.1974805704294107,195,True
2015-04,502,2844,22.406654357910156,85.56535339355469,0.1990645112517552,195,True
2015-04,502,2845,22.406654357910156,85.6587142944336,0.2050284285957996,195,True
2015-04,502,2846,22.406654357910156,85.7520751953125,0.2079977110028266,195,True
2015-04,502,2847,22.406654357910156,85.8454360961914,0.2089306098146316,195,True
2015-04,502,2848,22.406654357910156,85.93879699707031,0.2062295692853438,195,True
2015-04,502,2852,22.406654357910156,86.31224060058594,0.1323991749149102,195,True
2015-04,502,2853,22.406654357910156,86.40560150146484,0.143526431497855,195,True
2015-04,502,2854,22.406654357910156,86.49896240234375,0.1406288265417783,195,True
2015-04,502,2855,22.406654357910156,86.59232330322266,0.1653735746175814,195,True
2015-04,502,2856,22.406654357910156,86.68568420410156,0.171289915839831,195,True
2015-04,502,2857,22.406654357910156,86.77904510498047,0.1737856277288534,195,True
2015-04,503,2839,22.330446243286133,85.09854888916016,0.0836226169402018,195,True
2015-04,503,2840,22.330446243286133,85.19190979003906,0.1037862848394956,195,True
2015-04,503,2841,22.330446243286133,85.28527069091797,0.1037561584741641,195,True
2015-04,503,2842,22.330446243286133,85.37863159179688,0.1088522811253101,195,True
2015-04,503,2843,22.330446243286133,85.47199249267578,0.1540086717559741,195,True
2015-04,503,2844,22.330446243286133,85.56535339355469,0.1553534015057942,195,True
2015-04,503,2845,22.330446243286133,85.6587142944336,0.1548561995610212,195,True
2015-04,503,2846,22.330446243286133,85.7520751953125,0.1594437742844606,195,True
2015-04,503,2847,22.330446243286133,85.8454360961914,0.1568202797610026,195,True
2015-04,503,2848,22.330446243286133,85.93879699707031,0.2031468242406845,195,True
2015-04,503,2853,22.330446243286133,86.40560150146484,0.134189226421026,195,True
2015-04,503,2855,22.330446243286133,86.59232330322266,0.1667596987424752,195,True
2015-04,503,2856,22.330446243286133,86.68568420410156,0.1698364965808697,195,True
2015-04,503,2857,22.330446243286133,86.77904510498047,0.167176146308581,195,True
2015-04,504,2839,22.2542781829834,85.09854888916016,0.0977887982932421,195,True
2015-04,504,2840,22.2542781829834,85.19190979003906,0.104876310015336,195,True
2015-04,504,2841,22.2542781829834,85.28527069091797,0.1017207925709394,195,True
2015-04,504,2842,22.2542781829834,85.37863159179688,0.1061680252830951,195,True
2015-04,504,2843,22.2542781829834,85.47199249267578,0.1547709069572962,195,True
2015-04,504,2844,22.2542781829834,85.56535339355469,0.1585876387090255,195,True
2015-04,504,2845,22.2542781829834,85.6587142944336,0.1599423061960782,195,True
2015-04,504,2846,22.2542781829834,85.7520751953125,0.1602344925395953,195,True
2015-04,504,2847,22.2542781829834,85.8454360961914,0.1565518814592789,195,True
2015-04,504,2848,22.2542781829834,85.93879699707031,0.1145996797734346,195,True
2015-04,504,2856,22.2542781829834,86.68568420410156,0.1673839788024242,195,True
2015-04,504,2857,22.2542781829834,86.77904510498047,0.1630260686843823,195,True
2015-04,504,2858,22.2542781829834,86.87240600585938,0.1605870099403919,195,True
2015-04,505,2839,22.178152084350582,85.09854888916016,0.1048292035857836,195,True
2015-04,505,2840,22.178152084350582,85.19190979003906,0.1058482557726212,195,True
2015-04,505,2841,22.178152084350582,85.28527069091797,0.103440575263439,195,True
2015-04,505,2842,22.178152084350582,85.37863159179688,0.1093368843388863,195,True
2015-04,505,2843,22.178152084350582,85.47199249267578,0.1554466757254722,195,True
2015-04,505,2844,22.178152084350582,85.56535339355469,0.1557296283543109,195,True
2015-04,505,2845,22.178152084350582,85.6587142944336,0.1564512517589789,195,True
2015-04,505,2846,22.178152084350582,85.7520751953125,0.1585377933314213,195,True
2015-04,505,2847,22.178152084350582,85.8454360961914,0.1578327590265335,195,True
2015-04,505,2848,22.178152084350582,85.93879699707031,0.1169327878799194,195,True
2015-04,506,2838,22.10206413269043,85.00518798828125,0.1018096066342714,195,True
2015-04,506,2839,22.10206413269043,85.09854888916016,0.1024058730460894,195,True
2015-04,506,2840,22.10206413269043,85.19190979003906,0.1242212462883729,195,True
2015-04,506,2841,22.10206413269043,85.28527069091797,0.1074666263201297,195,True
2015-04,506,2844,22.10206413269043,85.56535339355469,0.1573412695565285,195,True
2015-04,506,2845,22.10206413269043,85.6587142944336,0.1600314332506595,195,True
2015-04,506,2846,22.10206413269043,85.7520751953125,0.1593257728295448,195,True
2015-04,506,2847,22.10206413269043,85.8454360961914,0.1573749953546585,195,True
2015-04,506,2848,22.10206413269043,85.93879699707031,0.1543919411607277,195,True
2015-04,507,2847,22.026018142700195,85.8454360961914,0.1590328041941691,195,True
2015-04,507,2848,22.026018142700195,85.93879699707031,0.1572069140198903,195,True
